id,rand,coef,t
511702,0.3836465422957313,1.62,1.520958749658e+12
511703,0.2847839270915798,1.4,1.52095877441e+12
511704,0.6916026330300614,3.24,1.520958796973e+12
511705,0.8706608260680597,7.72,1.520958833755e+12
511706,0.6439846743931958,2.81,1.520958888567e+12
511707,0.7673987722414077,1,1.52095892268e+12
511708,0.8744333781940942,7.96,1.520958940682e+12
511709,0.7770485500285981,4.48,1.520958996174e+12
511710,0.3501802276238287,1.54,1.520959039375e+12
511711,0.4027428569744209,1.67,1.520959063347e+12
511712,0.1476254014176376,1,1.52095908857e+12
511713,0.8382077114279867,6.18,1.520959106573e+12
511714,0.7133505087609753,3.49,1.520959156525e+12
511715,0.1182869219030922,1.13,1.520959194747e+12
511716,0.9746868107408952,39.47,1.52095921432e+12
511717,0.7558207716224299,4.09,1.520959307502e+12
511718,0.0257490235440781,1.03,1.520959348853e+12
511719,0.7867126736759006,1,1.520959367225e+12
511720,0.6830242005370148,3.15,1.520959385227e+12
511721,0.7522443490457360,1,1.52095942148e+12
511722,0.2088406680172404,1.26,1.520959439481e+12
511723,0.7833889997059923,4.61,1.520959460534e+12
511724,0.8099403704539735,5.26,1.520959504317e+12
511725,0.7134644984531833,3.49,1.520959550839e+12
511726,0.1960960915768743,1.24,1.520959589061e+12
511727,0.0053542722029039,1.01,1.520959609894e+12
511728,0.4770805995159504,1.91,1.520959628017e+12
511729,0.9283292428423486,13.94,1.520959655388e+12
511730,0.0399211431015099,1,1.52095972366e+12
511731,0.0296442781178384,1.03,1.520959741662e+12
511732,0.6394729026685173,2.77,1.520959760034e+12
511733,0.4975654216244736,1.99,1.520959793887e+12
511734,0.8436052626566042,6.39,1.520959821941e+12
511735,0.6018236450855219,2.51,1.520959872613e+12
511736,0.8073758638481088,5.19,1.520959904677e+12
511737,0.3304261673079865,1.49,1.520959950919e+12
511738,0.4500969069660867,1.82,1.520959974401e+12
511739,0.4025735944515498,1.67,1.520960000992e+12
511740,0.7966910271897658,4.91,1.520960026213e+12
511741,0.0749986150942275,1.08,1.520960071305e+12
511742,0.1994049456434802,1.25,1.520960090288e+12
511743,0.4240161381717809,1.74,1.520960111231e+12
511744,0.0627978139237496,1.07,1.520960137104e+12
511745,0.1453790017742149,1.17,1.520960155966e+12
511746,0.1923453293722927,1.24,1.520960176008e+12
511747,0.7930982473290289,4.83,1.520960196841e+12
511748,0.2427868992655507,1.32,1.520960241594e+12
511749,0.9199405931681256,12.48,1.520960263306e+12
511750,0.3711708684850416,1.59,1.52096032901e+12
511751,0.4442121133776876,1.8,1.520960353472e+12
511752,0.2448196050815332,1.32,1.520960379884e+12
511753,0.2716279442588864,1.37,1.520960401595e+12
511754,0.1945379176630028,1.24,1.520960423837e+12
511755,0.8723009298258231,7.82,1.520960444669e+12
511756,0.6476137423067385,2.84,1.520960499771e+12
511757,0.0051134407997861,1.01,1.520960534084e+12
511758,0.5186204531971880,2.08,1.520960552206e+12
511759,0.4044947252619301,1.68,1.520960580999e+12
511760,0.6644215550423656,2.98,1.520960606322e+12
511761,0.9777064048633227,44.81,1.520960641524e+12
511762,0.1169513843760247,1.13,1.520960737807e+12
511763,0.8412638625226132,6.29,1.52096075738e+12
511764,0.1623755768319535,1.19,1.520960807712e+12
511765,0.2365711136340562,1,1.520960827984e+12
511766,0.9217824365295896,12.77,1.520960845987e+12
511767,0.7848155125474593,4.64,1.520960912218e+12
511768,0.5858669957578804,2.41,1.520960956141e+12
511769,0.2200005462439732,1.28,1.520960987483e+12
511770,0.0569276404699608,1.06,1.520961008757e+12
511771,0.8094084157630356,5.24,1.520961027499e+12
511772,0.9366079023891614,15.76,1.520961073941e+12
511773,0.4384738280061805,1.78,1.520961145083e+12
511774,0.5430976465677604,2.19,1.520961171315e+12
511775,0.3103224107321171,1.45,1.520961200988e+12
511776,0.3780699647911988,1.61,1.520961224061e+12
511777,0.2768833779908911,1.38,1.520961248713e+12
511778,0.5910358532776675,2.44,1.520961271065e+12
511779,0.9921119699701928,126.65,1.520961302627e+12
511780,0.8979355608806796,9.79,1.520961424529e+12
511781,0.4516454035070830,1,1.520961484673e+12
511782,0.0813285957745576,1.09,1.520961502675e+12
511783,0.8108832297872014,5.28,1.520961521777e+12
511784,0.4711958762424057,1.89,1.520961568379e+12
511785,0.1956080773835089,1.24,1.520961595581e+12
511786,0.7223748072801099,3.6,1.520961616414e+12
511787,0.4403190374002603,1.79,1.520961655235e+12
511788,0.1707255372709421,1.21,1.520961681558e+12
511789,0.7330243719585764,3.74,1.52096170205e+12
511790,0.8560475730002037,6.94,1.520961741621e+12
511791,0.2914951223161759,1.41,1.520961794094e+12
511792,0.3075541007117261,1.44,1.520961816757e+12
511793,0.0203861941165259,1.02,1.52096183973e+12
511794,0.2438578033456248,1.32,1.520961857983e+12
511795,0.9501645378652411,20.05,1.520961879695e+12
511796,0.7754060439242529,4.45,1.520961956538e+12
511797,0.6272527141559991,2.68,1.5209619996e+12
511798,0.5464400280142296,2.2,1.520962032843e+12
511799,0.9988484461789132,867.52,1.520962062596e+12
511800,0.3356524264290119,1.5,1.520962232438e+12
511801,0.3574763621104594,1.56,1.520962256021e+12
511802,0.8907449331345841,9.14,1.520962280195e+12
511803,0.4001657516695945,1.67,1.520962338777e+12
511804,0.1064631352448983,1.12,1.520962364e+12
511805,0.9725830750476064,36.44,1.520962383462e+12
511806,0.2274953183316382,1.29,1.520962474705e+12
511807,0.7690060126523035,4.33,1.520962496089e+12
511808,0.4499209298402818,1.82,1.520962538592e+12
511809,0.3926882295386606,1.65,1.520962565184e+12
511810,0.2174812593072376,1.28,1.520962590217e+12
511811,0.7438362549859652,1,1.52096261149e+12
511812,0.4010504135864438,1.67,1.520962629492e+12
511813,0.9928489923460524,139.7,1.520962654715e+12
511814,0.0980700233713887,1.11,1.520962779057e+12
511815,0.7998759583104114,4.99,1.5209627984e+12
511816,0.9518395275696738,20.74,1.520962843821e+12
511817,0.9809134507041689,52.34,1.520962921474e+12
511818,0.2643999981843866,1.36,1.520963021566e+12
511819,0.9781468037930664,45.72,1.520963043709e+12
511820,0.7499876215006196,4,1.52096314141e+12
511821,0.3409802844610485,1.52,1.520963182324e+12
511822,0.9197006688731957,12.44,1.520963206108e+12
511823,0.9629982793617525,27,1.520963271741e+12
511824,0.7088761335957973,3.43,1.520963355725e+12
511825,0.2083143620305495,1.26,1.520963393607e+12
511826,0.5024007722973827,2.01,1.520963414659e+12
511827,0.6403342393786493,2.78,1.520963442882e+12
511828,0.8278028792300733,5.8,1.520963476796e+12
511829,0.9919416385218366,123.97,1.52096352539e+12
511830,0.1203298373428012,1.14,1.520963646762e+12
511831,0.5853986054624893,2.41,1.520963666455e+12
511832,0.1678578860982922,1.2,1.520963697798e+12
511833,0.4589609025183509,1.85,1.520963718182e+12
511834,0.1304401220126171,1.15,1.520963745035e+12
511835,0.9933126964590776,149.39,1.520963764848e+12
511836,0.2653330097127084,1.36,1.520963890851e+12
511837,0.8257788626537145,5.74,1.520963912994e+12
511838,0.4110801330327709,1,1.520963961367e+12
511839,0.8251888989063886,5.72,1.52096397937e+12
511840,0.4408265609389234,1.79,1.520964027672e+12
511841,0.5058654026374839,2.02,1.520964053994e+12
511842,0.7266054476440431,3.66,1.520964082296e+12
511843,0.2794027433915536,1.39,1.520964121449e+12
511844,0.2454317422223817,1.32,1.5209641439e+12
511845,0.1177659016376748,1.13,1.520964165615e+12
511846,0.7072422229003259,3.41,1.520964185188e+12
511847,0.6932671514091239,1,1.520964222961e+12
511848,0.5768621013445925,2.36,1.520964240965e+12
511849,0.6629156965443204,2.96,1.520964271938e+12
511850,0.9430964197830989,1,1.520964307021e+12
511851,0.4178647511680296,1.72,1.520964325023e+12
511852,0.7048673852591001,1,1.520964350716e+12
511853,0.6268233795712758,2.68,1.520964368718e+12
511854,0.1218095298674445,1.14,1.520964401961e+12
511855,0.0288793123394436,1.03,1.520964421652e+12
511856,0.4014048749584250,1.67,1.520964440024e+12
511857,0.1234716037575788,1.14,1.520964465247e+12
511858,0.2783331655148262,1.39,1.520964484939e+12
511859,0.4967233518829391,1.99,1.520964507391e+12
511860,0.4292311695006749,1.75,1.520964535442e+12
511861,0.3981586295175735,1.66,1.520964561404e+12
511862,0.3812085411933271,1.62,1.520964586537e+12
511863,0.7354242191033963,1,1.52096461129e+12
511864,0.7547396434831293,4.07,1.520964629292e+12
511865,0.2960723604299296,1.42,1.520964670544e+12
511866,0.4019040345218741,1.67,1.520964693306e+12
511867,0.9464601015081769,18.66,1.520964718529e+12
511868,0.8687044304955529,7.61,1.520964793661e+12
511869,0.1717620774106519,1.21,1.520964848154e+12
511870,0.8090483201223072,5.23,1.520964868647e+12
511871,0.1766632120536322,1.21,1.520964915049e+12
511872,0.3552218518115631,1.55,1.520964935541e+12
511873,0.9342045350778393,15.18,1.520964959614e+12
511874,0.5344680746864687,2.15,1.520965029877e+12
511875,0.0773163237788985,1.08,1.52096505924e+12
511876,0.1250133849971493,1.14,1.520965078222e+12
511877,0.7517749922703427,4.03,1.520965097914e+12
511878,0.9446327360218001,18.04,1.520965138977e+12
511879,0.0328735883889891,1.03,1.520965213309e+12
511880,0.7682320314385538,4.31,1.520965231681e+12
511881,0.4503323769779718,1.82,1.520965274093e+12
511882,0.7954526154313826,4.88,1.520965300685e+12
511883,0.0342436761209377,1.04,1.520965345647e+12
511884,0.7676252072601638,4.3,1.520965364139e+12
511885,0.5090228143401964,2.04,1.5209654065e+12
511886,0.2986212596992546,1.43,1.520965434972e+12
511887,0.1987786221315103,1.25,1.520965457844e+12
511888,0.0145442886311897,1.01,1.520965478788e+12
511889,0.9593262132162522,24.56,1.52096549691e+12
511890,0.5803904017853528,2.38,1.520965578613e+12
511891,0.2413677920683678,1.32,1.520965609736e+12
511892,0.2440250481581374,1.32,1.520965631449e+12
511893,0.8297126022702346,5.87,1.520965653161e+12
511894,0.4952130493463979,1.98,1.520965702015e+12
511895,0.1185559153367197,1.13,1.520965729988e+12
511896,0.1260675583328278,1.14,1.52096574956e+12
511897,0.1986562780101449,1.25,1.520965769252e+12
511898,0.5076639604539759,2.03,1.520965790195e+12
511899,0.9818779325536169,1,1.520965818578e+12
511900,0.5198757500666835,1,1.520965836579e+12
511901,0.2568394530696886,1.35,1.520965854582e+12
511902,0.1941321115461486,1.24,1.520965876615e+12
511903,0.9214176880012774,12.71,1.520965897447e+12
511904,0.1750920352468016,1.21,1.52096596357e+12
511905,0.5972016511012804,2.48,1.520965984063e+12
511906,0.6832481626615042,3.15,1.520966015914e+12
511907,0.1834680245219422,1.22,1.520966052166e+12
511908,0.7657518002124857,4.27,1.520966072778e+12
511909,0.1312604360588036,1.15,1.520966114999e+12
511910,0.0897039056498799,1.1,1.520966134811e+12
511911,0.6084478952941598,2.55,1.520966154034e+12
511912,0.1119166235700055,1.13,1.520966186376e+12
511913,0.0369357187386918,1.04,1.520966205949e+12
511914,0.8192933816042015,5.53,1.520966224441e+12
511915,0.2837665924531795,1.4,1.520966272025e+12
511916,0.2180491586257818,1.28,1.520966294587e+12
511917,0.7831574342640019,4.61,1.520966315858e+12
511918,0.9411454791997432,16.98,1.520966359641e+12
511919,0.4442740239771721,1.8,1.520966432543e+12
511920,0.7525077531469305,1,1.520966458955e+12
511921,0.2557946383617344,1.34,1.520966476958e+12
511922,0.3995002886279254,1.66,1.52096649888e+12
511923,0.5914680928903324,2.45,1.520966524012e+12
511924,0.4761116591925061,1.91,1.520966555645e+12
511925,0.6849929726880494,3.17,1.520966583017e+12
511926,0.3207001237479737,1.47,1.520966619388e+12
511927,0.5798352823080112,2.38,1.52096664267e+12
511928,0.6231274217421021,2.65,1.520966673793e+12
511929,0.2866591283321984,1.4,1.520966706835e+12
511930,0.7097793365152975,3.44,1.520966729399e+12
511931,0.3055052851106752,1,1.520966767341e+12
511932,0.1419454240570649,1.17,1.520966785342e+12
511933,0.3698869413626117,1.59,1.520966805387e+12
511934,0.2912462030749876,1.41,1.52096682985e+12
511935,0.3328162174049802,1.5,1.520966852512e+12
511936,0.6417327464189689,2.79,1.520966876095e+12
511937,0.3041097154617565,1,1.520966910077e+12
511938,0.1531624445116991,1.18,1.52096692808e+12
511939,0.2147752794471512,1.27,1.520966948232e+12
511940,0.6844605073995099,3.17,1.520966969394e+12
511941,0.4588414594668060,1.85,1.520967005767e+12
511942,0.0964036700540231,1.11,1.520967032619e+12
511943,0.9459215456028286,18.47,1.52096705196e+12
511944,0.3487195443242601,1.53,1.520967126853e+12
511945,0.4287170738514322,1.75,1.520967150736e+12
511946,0.2296998557238141,1.3,1.520967176699e+12
511947,0.4663020077781523,1.87,1.520967198192e+12
511948,0.3483719172301637,1.53,1.520967225224e+12
511949,0.2268592357232373,1.29,1.520967249106e+12
511950,0.0162497726306901,1.02,1.520967270488e+12
511951,0.5652027224575176,2.3,1.52096728874e+12
511952,0.3105541819963963,1.45,1.520967319263e+12
511953,0.6836954417367689,3.16,1.520967342334e+12
511954,0.2898387520783205,1.41,1.520967378646e+12
511955,0.9113408208152607,11.27,1.520967401308e+12
511956,0.3991380257995655,1.66,1.520967464661e+12
511957,0.4850390698958745,1.94,1.520967489794e+12
511958,0.1553048806160933,1.18,1.520967517426e+12
511959,0.2853503036977142,1.4,1.520967537578e+12
511960,0.4138123093670729,1.71,1.520967560139e+12
511961,0.9068744431498634,10.73,1.520967585731e+12
511962,0.2225478506233887,1.29,1.520967647953e+12
511963,0.3892935100917922,1.64,1.520967669334e+12
511964,0.1772330475918094,1.22,1.520967694278e+12
511965,0.1128379267437472,1.13,1.52096771489e+12
511966,0.6104668731825583,2.57,1.520967734462e+12
511967,0.7898058082884657,4.75,1.520967766944e+12
511968,0.6680478238659091,3.01,1.520967811346e+12
511969,0.3287323998121388,1.49,1.520967846739e+12
511970,0.0810156632403414,1.09,1.520967870222e+12
511971,0.6160452416204022,1,1.520967889324e+12
511972,0.1303436842584851,1.15,1.520967907326e+12
511973,0.5876882117212956,2.42,1.520967927139e+12
511974,0.5966710803556888,1,1.520967958552e+12
511975,0.0224709331575946,1.02,1.520967976554e+12
511976,0.8999959488632149,9.99,1.520967994808e+12
511977,0.2620441062054712,1.35,1.5209680554e+12
511978,0.0446286602049667,1,1.520968077433e+12
511979,0.7308686123534267,3.71,1.520968095436e+12
511980,0.6377834627958442,2.76,1.520968134849e+12
511981,0.9160661212904533,11.9,1.520968168632e+12
511982,0.4902778140945075,1.96,1.520968233234e+12
511983,0.9736471136504894,37.91,1.520968261036e+12
511984,0.5862727788245009,2.42,1.520968353237e+12
511985,0.1776473850891104,1.22,1.52096838465e+12
511986,0.0530702492811415,1.06,1.520968405263e+12
511987,0.4707384806756718,1.89,1.520968424005e+12
511988,0.9625813199585725,26.7,1.520968451205e+12
511989,0.5091151645195473,2.04,1.520968534917e+12
511990,0.3594010503402448,1,1.520968563389e+12
511991,0.6394528308043845,2.77,1.520968581392e+12
511992,0.8981703375229079,9.81,1.520968615244e+12
511993,0.1181004401571351,1.13,1.520968675427e+12
511994,0.3451416032261079,1.53,1.520968694998e+12
511995,0.9187954575565633,12.3,1.520968718881e+12
511996,0.5060676970766084,2.02,1.520968784244e+12
511997,0.3013825435893104,1,1.520968812549e+12
511998,0.6068782889300208,2.54,1.520968830552e+12
511999,0.2729147440457984,1.37,1.520968862825e+12
512000,0.0689728432495549,1.07,1.520968885067e+12
512001,0.9792658125467751,48.18,1.52096890393e+12
512002,0.9317186956600564,14.63,1.520969001992e+12
512003,0.5879587558070102,2.43,1.520969071396e+12
512004,0.4424745255248795,1.79,1.520969102878e+12
512005,0.1039948426429170,1.12,1.520969129202e+12
512006,0.8587840329526887,7.08,1.520969148665e+12
512007,0.6219218239704898,2.64,1.520969201566e+12
512008,0.4822140365099102,1.93,1.520969234539e+12
512009,0.0516188850280873,1.05,1.520969262092e+12
512010,0.7409452814005655,3.86,1.520969280715e+12
512011,0.3747856471163187,1.6,1.520969320916e+12
512012,0.9688017507942398,32.02,1.520969345479e+12
512013,0.9463162389458893,18.61,1.520969433582e+12
512014,0.1382226036252041,1.16,1.520969508654e+12
512015,0.8762281899983595,8.07,1.520969528575e+12
512016,0.1977546010626844,1.25,1.520969584368e+12
512017,0.2297231755754267,1.3,1.520969605311e+12
512018,0.8864226427130454,8.8,1.520969626804e+12
512019,0.5883086539312053,2.43,1.520969684536e+12
512020,0.5360219989754311,2.15,1.520969716019e+12
512021,0.4918357768309852,1.97,1.52096974538e+12
512022,0.3568658787656730,1.55,1.520969773262e+12
512023,0.0886300038752682,1.1,1.520969797335e+12
512024,0.2462284658677477,1.33,1.520969816558e+12
512025,0.7323566777008484,3.73,1.52096983838e+12
512026,0.7540667203148053,4.06,1.520969877904e+12
512027,0.4876373376435688,1,1.520969919106e+12
512028,0.6721658040006131,3.05,1.520969937108e+12
512029,0.8001282636076511,5,1.520969972751e+12
512030,0.6707876829129615,3.04,1.520970018213e+12
512031,0.2244007275962273,1.29,1.520970053797e+12
512032,0.2001595159992947,1.25,1.520970075178e+12
512033,0.2294356541776647,1.3,1.52097009612e+12
512034,0.1073478108987556,1.12,1.520970117611e+12
512035,0.7765410134514191,4.47,1.520970137073e+12
512036,0.3944450703902276,1.65,1.520970180225e+12
512037,0.9825083804276092,57.11,1.520970205256e+12
512038,0.9694603849131289,32.71,1.520970307488e+12
512039,0.3868738951596604,1.63,1.520970396101e+12
512040,0.8125718140072594,1,1.520970420943e+12
512041,0.6532876546618733,2.88,1.520970438946e+12
512042,0.5017870465530518,2.01,1.520970473518e+12
512043,0.7540184845575174,4.06,1.52097050174e+12
512044,0.1316403774851096,1.15,1.520970542944e+12
512045,0.8864270047951552,8.8,1.520970562756e+12
512046,0.2583410936077919,1.35,1.520970620489e+12
512047,0.6893838422115389,3.22,1.520970642522e+12
512048,0.6209050059832877,2.64,1.520970679196e+12
512049,0.8059410489643788,5.15,1.520970712171e+12
512050,0.0814541601765561,1.09,1.520970758253e+12
512051,0.0646704838296097,1.07,1.520970777355e+12
512052,0.0389911073816454,1,1.520970796217e+12
512053,0.0718728020023258,1.08,1.52097081422e+12
512054,0.2009792603088961,1.25,1.520970833203e+12
512055,0.6652506584453516,2.99,1.520970854146e+12
512056,0.7327909094125011,3.74,1.520970889409e+12
512057,0.6619238130892453,2.96,1.520970928981e+12
512058,0.3640933719845706,1.57,1.520970964064e+12
512059,0.4679171797977568,1.88,1.520970988337e+12
512060,0.1943212252097021,1.24,1.520971015449e+12
512061,0.5306136471989135,2.13,1.520971036283e+12
512062,0.1736645531313644,1.21,1.520971065486e+12
512063,0.1245219246774264,1.14,1.520971085977e+12
512064,0.5457455181856047,2.2,1.520971105669e+12
512065,0.8529506839935087,6.79,1.520971135423e+12
512066,0.4813558611742584,1.93,1.520971187416e+12
512067,0.2732767665929343,1.38,1.520971214969e+12
512068,0.4738983778455058,1.9,1.520971237321e+12
512069,0.4314317541270125,1.76,1.520971264615e+12
512070,0.6215577411049878,2.64,1.520971290668e+12
512071,0.6640970654934872,2.98,1.520971323641e+12
512072,0.7941584200119037,4.85,1.520971358843e+12
512073,0.7237578310826229,3.62,1.520971403676e+12
512074,0.0295842352857777,1.03,1.520971442609e+12
512075,0.7172595382941095,3.53,1.520971460981e+12
512076,0.7208851235268836,3.58,1.520971499422e+12
512077,0.1832516037820027,1.22,1.520971538135e+12
512078,0.7745341257598565,4.43,1.520971558747e+12
512079,0.0958093337472084,1.11,1.520971601719e+12
512080,0.1347629791439425,1.16,1.520971621062e+12
512081,0.6752341880172571,3.08,1.520971640985e+12
512082,0.4946433621213407,1.98,1.520971676808e+12
512083,0.4459565485468964,1.8,1.520971704779e+12
512084,0.8760186959700702,8.06,1.520971731191e+12
512085,0.5276744506619113,2.12,1.520971786963e+12
512086,0.2367865627717196,1,1.520971816087e+12
512087,0.1285065487326371,1.15,1.52097183409e+12
512088,0.5287352065855487,2.12,1.520971853902e+12
512089,0.6372840911236789,2.76,1.520971883025e+12
512090,0.9079469342036054,10.85,1.520971916808e+12
512091,0.8036819903188577,5.09,1.52097197929e+12
512092,0.8295484021840497,5.86,1.520972025134e+12
512093,0.8457754950145668,6.48,1.520972073946e+12
512094,0.9988688015329980,883.14,1.520972124929e+12
512095,0.8739017008044528,7.92,1.52097229522e+12
512096,0.2646532420219512,1.36,1.520972350604e+12
512097,0.8438280627233509,6.4,1.520972372747e+12
512098,0.0850447414175246,1.09,1.520972423459e+12
512099,0.7169614440568167,3.53,1.520972442561e+12
512100,0.0512960993338617,1.05,1.520972481004e+12
512101,0.0711305439637812,1.08,1.520972499626e+12
512102,0.2911709317218444,1.41,1.520972518611e+12
512103,0.8326482653693874,5.97,1.520972541274e+12
512104,0.2531456347213000,1.34,1.520972590487e+12
512105,0.6693128993896099,3.02,1.520972612408e+12
512106,0.1286816574001409,1.15,1.520972647862e+12
512107,0.0327982327511535,1.03,1.520972667675e+12
512108,0.2625080824975176,1.36,1.520972686048e+12
512109,0.6749155674304151,3.07,1.520972708191e+12
512110,0.1103796069767279,1.12,1.520972743952e+12
512111,0.8125013664393922,5.33,1.520972763414e+12
512112,0.4768438824631376,1.91,1.520972810217e+12
512113,0.4744885755876285,1.9,1.52097283759e+12
512114,0.4938939119442119,1.97,1.520972864884e+12
512115,0.2386109275367602,1.31,1.520972892766e+12
512116,0.0008538744880012,1,1.520972914367e+12
512117,0.6602709669760128,2.94,1.52097293237e+12
512118,0.5116038018631758,2.05,1.520972967321e+12
512119,0.7243586815251872,3.63,1.520972995874e+12
512120,0.1310796162884402,1.15,1.520973034856e+12
512121,0.6491608549023887,2.85,1.520973054669e+12
512122,0.0685959598209234,1.07,1.520973089042e+12
512123,0.3481983659668356,1.53,1.520973107904e+12
512124,0.4521096922578545,1,1.520973131786e+12
512125,0.4010931161234838,1.67,1.520973149789e+12
512126,0.7066545809401792,3.41,1.520973175012e+12
512127,0.1711593077450896,1.21,1.520973212783e+12
512128,0.1431843925135174,1.17,1.520973233276e+12
512129,0.5166369298278907,2.07,1.520973253319e+12
512130,0.2389904037674401,1.31,1.520973282031e+12
512131,0.4610563976366679,1.85,1.520973303632e+12
512132,0.4033033301595839,1.68,1.520973330484e+12
512133,0.5189955061112985,2.08,1.520973355806e+12
512134,0.3364572670162789,1.51,1.520973384598e+12
512135,0.0667621460898691,1.07,1.52097340828e+12
512136,0.6268972022521536,2.68,1.520973427143e+12
512137,0.2854968393886222,1.4,1.520973460386e+12
512138,0.7495960241066283,3.99,1.520973482949e+12
512139,0.2794377308523836,1.39,1.520973523811e+12
512140,0.6915286459707489,3.24,1.520973546264e+12
512141,0.0885338667054972,1.1,1.520973583048e+12
512142,0.4298227772651759,1.75,1.52097360227e+12
512143,0.8166302982290813,5.45,1.520973628233e+12
512144,0.9336585216069738,15.06,1.520973675505e+12
512145,0.3031020074391509,1,1.520973745587e+12
512146,0.5469367486766857,2.21,1.520973763591e+12
512147,0.3504003478098662,1.54,1.520973793423e+12
512148,0.5671470555400354,2.31,1.520973817395e+12
512149,0.8497517183073220,6.65,1.520973847987e+12
512150,0.2308141172935288,1.3,1.520973899531e+12
512151,0.0475270378048362,1,1.520973921024e+12
512152,0.4132750696533534,1.7,1.520973939027e+12
512153,0.2636843748073294,1.36,1.520973964531e+12
512154,0.3645730394321897,1.57,1.520973986674e+12
512155,0.5024476085096710,2.01,1.520974010946e+12
512156,0.9752694761788634,40.4,1.52097403917e+12
512157,0.8935809882575603,9.39,1.520974132922e+12
512158,0.3285414549355725,1.49,1.520974192115e+12
512159,0.4895543766882164,1,1.5209742156e+12
512160,0.4898913420014762,1,1.520974233602e+12
512161,0.1527510937658956,1.18,1.520974251605e+12
512162,0.9484054613738333,19.36,1.520974271758e+12
512163,0.7304877884989809,3.71,1.520974347771e+12
512164,0.1479587811389842,1,1.520974387184e+12
512165,0.7780330827874210,4.5,1.520974405188e+12
512166,0.4070391667557506,1.69,1.520974448481e+12
512167,0.4719261008947916,1.89,1.520974473894e+12
512168,0.6180006178603509,2.62,1.520974501097e+12
512169,0.4048387786384762,1.68,1.52097453393e+12
512170,0.6090370879063934,2.56,1.520974559251e+12
512171,0.8145599977147208,5.39,1.520974591664e+12
512172,0.9872047048963617,78.08,1.520974638707e+12
512173,0.5985134236045446,2.49,1.520974748639e+12
512174,0.2253873812093836,1.29,1.520974780562e+12
512175,0.1951628216065380,1.24,1.520974801945e+12
512176,0.5984901836138430,2.49,1.520974822778e+12
512177,0.7117075742482458,3.47,1.5209748547e+12
512178,0.8729600100482255,7.86,1.520974892803e+12
512179,0.0819407133576322,1.09,1.520974948016e+12
512180,0.6247932523546724,2.66,1.520974967121e+12
512181,0.9847037708351164,65.31,1.520975000233e+12
512182,0.6757497353655635,3.08,1.520975105766e+12
512183,0.0439488294171050,1,1.520975141589e+12
512184,0.7557569653158441,4.09,1.520975159592e+12
512185,0.4231678884064704,1.73,1.520975200945e+12
512186,0.7865759673962779,1,1.520975226727e+12
512187,0.5301829095767305,2.13,1.52097524473e+12
512188,0.8784362815503115,8.22,1.520975273933e+12
512189,0.6054343789828556,2.53,1.520975330136e+12
512190,0.3861431287103666,1.63,1.520975362338e+12
512191,0.6848588287096607,3.17,1.520975387181e+12
512192,0.3873506848205232,1.63,1.520975423552e+12
512193,0.1146919033757159,1.13,1.520975448396e+12
512194,0.0171471382531214,1.02,1.520975467967e+12
512195,0.1155461818248840,1.13,1.52097548622e+12
512196,0.2645978874677322,1.36,1.520975505792e+12
512197,0.1786254735613767,1.22,1.520975527934e+12
512198,0.8487290253044872,6.61,1.520975548546e+12
512199,0.2437727524069546,1.32,1.520975599962e+12
512200,0.9315591007311733,14.6,1.520975621676e+12
512201,0.9826127577066918,57.46,1.520975691027e+12
512202,0.2519447713279969,1.34,1.520975793409e+12
512203,0.9612548691130371,25.78,1.520975815331e+12
512204,0.7632086863189956,4.22,1.520975898194e+12
512205,0.8402132927068074,6.25,1.520975940177e+12
512206,0.5724396078317520,2.34,1.520975990379e+12
512207,0.0694162713059728,1.07,1.520976021203e+12
512208,0.8031917283784580,1,1.520976040066e+12
512209,0.9756961879263857,41.11,1.520976058068e+12
512210,0.7489312670074709,3.98,1.520976152251e+12
512211,0.4002875151113345,1.67,1.520976193064e+12
512212,0.7919218181147989,4.8,1.520976218287e+12
512213,0.0210068740465229,1.02,1.520976262911e+12
512214,0.4954784592835881,1.98,1.520976281163e+12
512215,0.2213928294883559,1.28,1.520976309136e+12
512216,0.3044030445870951,1,1.520976330408e+12
512217,0.0823650923749351,1.09,1.52097634841e+12
512218,0.9180348813342943,12.19,1.520976367514e+12
512219,0.7050147463346467,1,1.520976432678e+12
512220,0.0549404395406461,1.06,1.52097645068e+12
512221,0.4780354174967006,1.91,1.520976469422e+12
512222,0.3716771552273252,1.59,1.520976496794e+12
512223,0.6996300894999016,3.33,1.520976521256e+12
512224,0.6868336018377061,3.19,1.520976558569e+12
512225,0.2809619268590962,1.39,1.520976595061e+12
512226,0.6381230653818052,2.76,1.520976617514e+12
512227,0.6495671692885382,2.85,1.520976651296e+12
512228,0.9175931007875113,12.12,1.520976685668e+12
512229,0.5094750613229060,2.04,1.520976750691e+12
512230,0.9310262419588462,14.48,1.520976779165e+12
512231,0.1913473499453038,1.24,1.520976848327e+12
512232,0.9624169019429053,26.58,1.520976869158e+12
512233,0.8527168368112102,6.78,1.520976952761e+12
512234,0.5698018184792721,2.32,1.520977004724e+12
512235,0.7455721645954931,3.93,1.520977035397e+12
512236,0.8721541536208601,7.82,1.52097707595e+12
512237,0.2356483475853802,1,1.520977131051e+12
512238,0.0445436174153685,1,1.520977149053e+12
512239,0.2563627558425913,1.34,1.520977167055e+12
512240,0.0444217447760566,1,1.520977188979e+12
512241,0.2568410465626141,1.35,1.520977206981e+12
512242,0.9856448215399042,69.59,1.520977229014e+12
512243,0.0970834412372400,1.11,1.520977337043e+12
512244,0.4320912147946869,1.76,1.520977356387e+12
512245,0.0343831509897446,1.04,1.520977382442e+12
512246,0.0651280565804634,1.07,1.520977400935e+12
512247,0.7734218520981776,4.41,1.520977419797e+12
512248,0.3144930457497233,1.46,1.520977462681e+12
512249,0.4592568505227698,1.85,1.520977485854e+12
512250,0.3130938977266415,1.46,1.520977512706e+12
512251,0.0456884319534731,1,1.52097753588e+12
512252,0.4284274406797317,1.75,1.520977553883e+12
512253,0.9148632522939851,11.74,1.520977579846e+12
512254,0.6312913847228725,2.71,1.520977644138e+12
512255,0.3236021549263044,1.48,1.520977677591e+12
512256,0.4873571250325435,1.95,1.520977700974e+12
512257,0.9037884496859715,10.38,1.520977728698e+12
512258,0.5137746530849895,2.06,1.520977790171e+12
512259,0.4617013953304154,1.86,1.520977818804e+12
512260,0.1631028538483900,1.19,1.520977845746e+12
512261,0.5597369835152614,2.27,1.520977866018e+12
512262,0.7298382962424863,3.7,1.520977896309e+12
512263,0.3573834731609988,1.56,1.520977935672e+12
512264,0.5223762396542333,2.09,1.520977959845e+12
512265,0.5619451807723252,2.28,1.520977988717e+12
512266,0.1083137053317189,1.12,1.520978019089e+12
512267,0.8633126734903346,7.31,1.520978038552e+12
512268,0.7173984976758713,3.54,1.520978092164e+12
512269,0.4181252267253877,1.72,1.520978130659e+12
512270,0.1555657682836907,1.18,1.520978156353e+12
512271,0.2186389351772701,1.28,1.520978176506e+12
512272,0.1742065768163201,1.21,1.52097819778e+12
512273,0.8470824749318613,6.53,1.520978218272e+12
512274,0.9944671597318883,180.56,1.520978269417e+12
512275,0.1225977579882829,1.14,1.520978400129e+12
512276,0.2053639975388916,1.26,1.520978419823e+12
512277,0.8435744328525789,6.39,1.520978440875e+12
512278,0.8522565306285993,1,1.520978491547e+12
512279,0.4312419568726891,1.76,1.52097850955e+12
512280,0.9293572830337465,14.14,1.520978535604e+12
512281,0.0844098327412293,1.09,1.520978604206e+12
512282,0.9036591788529558,10.37,1.520978623309e+12
512283,0.2744469845840817,1.38,1.520978684752e+12
512284,0.9664646382365526,29.79,1.520978707105e+12
512285,0.5431853007858586,2.19,1.520978793459e+12
512286,0.8215767193635871,5.6,1.520978823131e+12
512287,0.8701717485371445,7.7,1.520978870984e+12
512288,0.0085022368022479,1.01,1.520978925736e+12
512289,0.5897803429024714,2.44,1.520978943859e+12
512290,0.0120852894643520,1.01,1.520978975421e+12
512291,0.7018946501663641,3.35,1.520978993544e+12
512292,0.1069113656661732,1.12,1.520979030966e+12
512293,0.5743027638118487,1,1.520979050429e+12
512294,0.1009464145407422,1.11,1.520979068433e+12
512295,0.5056310993399543,2.02,1.520979087776e+12
512296,0.6405227879622306,2.78,1.520979116078e+12
512297,0.3208565074766186,1.47,1.52097914999e+12
512298,0.5883603886674066,2.43,1.520979173273e+12
512299,0.2938516953247254,1.42,1.520979204755e+12
512300,0.5825780272908924,2.39,1.520979227518e+12
512301,0.0349546659353549,1.04,1.52097925871e+12
512302,0.8144460476037222,5.38,1.520979277202e+12
512303,0.7176380708621903,3.54,1.520979324204e+12
512304,0.4988787317413089,1.99,1.520979362697e+12
512305,0.6208463980864841,2.64,1.52097939075e+12
512306,0.1649379453540170,1.2,1.520979423721e+12
512307,0.7849759836180545,4.65,1.520979444102e+12
512308,0.9766472382416593,1,1.520979488066e+12
512309,0.7452476196329222,3.92,1.520979506069e+12
512310,0.0317485597989868,1.03,1.520979546572e+12
512311,0.4231326730044402,1.73,1.520979564944e+12
512312,0.3845772071239952,1.62,1.520979590726e+12
512313,0.9022606501593863,10.22,1.520979615478e+12
512314,0.7481456482196566,3.97,1.52097967659e+12
512315,0.0269646151054103,1.03,1.520979717354e+12
512316,0.5928434921877562,2.45,1.520979735727e+12
512317,0.7900084091327173,4.76,1.52097976736e+12
512318,0.9877424749982875,81.5,1.520979811802e+12
512319,0.6633406574054017,2.97,1.520979922795e+12
512320,0.5364164371361063,2.16,1.520979957937e+12
512321,0.5345258059758987,2.15,1.520979987369e+12
512322,0.6035422139343671,2.52,1.520980016732e+12
512323,0.1198696191701734,1.14,1.520980048863e+12
512324,0.2129780937016425,1.27,1.520980068555e+12
512325,0.7474863533274008,3.96,1.520980089719e+12
512326,0.5619009774089562,2.28,1.520980130432e+12
512327,0.2925464029639369,1.41,1.520980160804e+12
512328,0.6904553558422382,3.23,1.520980183467e+12
512329,0.0342938564797616,1.04,1.520980220199e+12
512330,0.8473119309282191,6.54,1.520980238693e+12
512331,0.5906785537001394,2.44,1.520980289876e+12
512332,0.1436384611631833,1.17,1.520980321439e+12
512333,0.4507010610426546,1.82,1.520980341483e+12
512334,0.2995892822043014,1.43,1.520980368074e+12
512335,0.0506766529406134,1.05,1.520980390946e+12
512336,0.4422364771464459,1.79,1.520980409569e+12
512337,0.4053811280535025,1.68,1.520980435892e+12
512338,0.3856505095925299,1.63,1.520980461215e+12
512339,0.2586026071241598,1.35,1.520980486058e+12
512340,0.9913911530727967,116.04,1.520980508091e+12
512341,0.7519550867732513,4.03,1.520980627823e+12
512342,0.9913615975508844,115.65,1.520980668886e+12
512343,0.4073356577212307,1.69,1.52098078854e+12
512344,0.0231284361852166,1.02,1.520980813953e+12
512345,0.1061562814531280,1.12,1.520980832205e+12
512346,0.0850215940934191,1.09,1.520980851668e+12
512347,0.2029408347334109,1.25,1.520980870772e+12
512348,0.8006071191748155,5.01,1.520980891714e+12
512349,0.7121434897911137,3.47,1.520980937227e+12
512350,0.2638494917805888,1.36,1.520980975329e+12
512351,0.2177250481251918,1.28,1.520980997473e+12
512352,0.1772231469343470,1.22,1.520981018745e+12
512353,0.0191989776257423,1.02,1.520981039357e+12
512354,0.8104747926840733,5.27,1.520981057611e+12
512355,0.5669427019466978,2.31,1.520981104174e+12
512356,0.3855155507068884,1.63,1.520981134767e+12
512357,0.9180476767751574,12.19,1.520981159609e+12
512358,0.2862974100947141,1.4,1.520981224771e+12
512359,0.4875887056085255,1,1.520981247334e+12
512360,0.0439480668967469,1,1.520981265337e+12
512361,0.9296480247121416,14.2,1.52098128334e+12
512362,0.8176619591698194,5.48,1.520981352044e+12
512363,0.2810848560838692,1.39,1.520981399438e+12
512364,0.8561253030449444,6.94,1.520981421891e+12
512365,0.8777145959617837,8.17,1.520981474363e+12
512366,0.2728276176547696,1.37,1.520981530435e+12
512367,0.1220612647296072,1.14,1.520981552678e+12
512368,0.3633866138671029,1.57,1.52098157237e+12
512369,0.3578032714682173,1.56,1.520981596642e+12
512370,0.0903743969021305,1.1,1.520981620814e+12
512371,0.2184379580939277,1.28,1.520981640037e+12
512372,0.0528677825473407,1.06,1.520981661309e+12
512373,0.4056830442058116,1.68,1.520981680052e+12
512374,0.8837085875877432,8.59,1.520981705375e+12
512375,0.0172928362193734,1.02,1.520981762568e+12
512376,0.1745025532260777,1.21,1.52098178082e+12
512377,0.2197519955736939,1.28,1.520981801313e+12
512378,0.5085936646230038,2.03,1.520981822585e+12
512379,0.5124186641798398,2.05,1.520981850968e+12
512380,0.1366030208618853,1.16,1.52098187952e+12
512381,0.0763805082711346,1.08,1.520981899443e+12
512382,0.7810549896166322,4.56,1.520981918426e+12
512383,0.6431600499533024,2.8,1.520981961988e+12
512384,0.7007704611636629,3.34,1.52098199604e+12
512385,0.7201231512520749,3.57,1.520982033413e+12
512386,0.1090606653851132,1.12,1.520982072076e+12
512387,0.0881870449725974,1.1,1.520982091539e+12
512388,0.3324230288463698,1.5,1.520982110761e+12
512389,0.4384804315488973,1.78,1.520982134345e+12
512390,0.0452672015049651,1,1.520982160577e+12
512391,0.6290778144330433,2.69,1.520982178579e+12
512392,0.0292286279213681,1.03,1.520982211891e+12
512393,0.6625073837727560,2.96,1.520982230265e+12
512394,0.1502702101483639,1,1.520982265348e+12
512395,0.1298674613074091,1.15,1.520982283351e+12
512396,0.0799335716478372,1.09,1.520982303165e+12
512397,0.0762219629427935,1.08,1.520982322267e+12
512398,0.4831480769168465,1.93,1.52098234125e+12
512399,0.0536866553718426,1.06,1.520982368804e+12
512400,0.6160643307063879,1,1.520982387545e+12
512401,0.3747933512494884,1.6,1.520982405547e+12
512402,0.2425110543245708,1.32,1.520982430111e+12
512403,0.9482607543348012,19.31,1.520982451824e+12
512404,0.9809183394491948,52.35,1.520982527777e+12
512405,0.9417434071520677,17.15,1.520982627869e+12
512406,0.1239407016252961,1.14,1.520982701011e+12
512407,0.5056019747875635,2.02,1.520982720704e+12
512408,0.8537183159156048,6.83,1.520982749008e+12
512409,0.4837732581616783,1.94,1.520982801132e+12
512410,0.0942225088584755,1.1,1.520982828765e+12
512411,0.6694680873000687,3.02,1.520982847988e+12
512412,0.9800607422320313,50.1,1.520982883441e+12
512413,0.7708589420120370,4.36,1.520982982453e+12
512414,0.3672746171632955,1.58,1.520983025096e+12
512415,0.9339005409120357,15.11,1.520983049459e+12
512416,0.3186758773677694,1.47,1.520983119623e+12
512417,0.9783693840676847,46.19,1.520983142907e+12
512418,0.7851901277399599,4.65,1.52098323993e+12
512419,0.8277269387216604,5.8,1.520983283893e+12
512420,0.3761648133807269,1.6,1.520983332486e+12
512421,0.4693742013697919,1.88,1.520983357047e+12
512422,0.5374520070705220,2.16,1.520983384158e+12
512423,0.3606927500480536,1,1.52098341359e+12
512424,0.6845270825281103,3.17,1.520983431593e+12
512425,0.8667903074218869,7.5,1.520983467966e+12
512426,0.4449100113578397,1.8,1.520983522137e+12
512427,0.0502158792340699,1.05,1.520983548549e+12
512428,0.9917540897130395,121.15,1.520983567171e+12
512429,0.0802031732351061,1.09,1.520983687973e+12
512430,0.9689604989180716,32.19,1.520983707077e+12
512431,0.2847253336302762,1.4,1.520983795308e+12
512432,0.4541612543291788,1.83,1.520983817871e+12
512433,0.6751025928359252,3.08,1.520983844553e+12
512434,0.8470670180039171,6.53,1.520983880375e+12
512435,0.2095580681249402,1.26,1.520983931517e+12
512436,0.1567551878180251,1.19,1.520983952569e+12
512437,0.1157600989369117,1.13,1.520983972844e+12
512438,0.1896116869034273,1.23,1.520983992416e+12
512439,0.1651939172682338,1.2,1.520984013139e+12
512440,0.6680703574484378,3.01,1.520984033523e+12
512441,0.1074646630108973,1.12,1.520984068915e+12
512442,0.7739567947047662,1,1.520984088378e+12
512443,0.1899639757326721,1.23,1.52098410638e+12
512444,0.8295490971835212,5.86,1.520984127103e+12
512445,0.6492960803791173,2.85,1.520984175915e+12
512446,0.2838312038881312,1.4,1.520984210288e+12
512447,0.4197881246031726,1.72,1.52098423285e+12
512448,0.5794788379174375,2.38,1.520984258543e+12
512449,0.2427276955551299,1.32,1.520984289666e+12
512450,0.7071976325724268,3.41,1.520984311377e+12
512451,0.4432287214890189,1.8,1.520984349149e+12
512452,0.2489213510996013,1.33,1.520984375561e+12
512453,0.8880471402984222,8.92,1.520984397384e+12
512454,0.2253538196034156,1.29,1.520984455416e+12
512455,0.1059821746558841,1.12,1.520984476799e+12
512456,0.9404388733535164,1,1.520984496261e+12
512457,0.1438110650386221,1.17,1.520984514264e+12
512458,0.6890021464063325,3.21,1.520984534306e+12
512459,0.4132045238309554,1.7,1.520984570919e+12
512460,0.5936088856760433,2.46,1.520984596422e+12
512461,0.2311925294881669,1,1.520984628124e+12
512462,0.6314794934893677,2.71,1.520984646127e+12
512463,0.9149451153154823,11.75,1.52098467958e+12
512464,0.7462199986321433,3.94,1.520984743893e+12
512465,0.7308196685581514,3.71,1.520984784496e+12
512466,0.9680486412178838,31.27,1.520984823909e+12
512467,0.9712958787501081,34.8,1.520984911431e+12
512467,0.9712958787501081,34.8,1.520984911431e+12
512468,0.4406110615098409,1.79,1.520985001553e+12
512469,0.0434692124937356,1,1.520985027877e+12
512470,0.3184311735253854,1.47,1.520985045879e+12
512471,0.3671494876889395,1.58,1.520985069162e+12
512472,0.3704351480981418,1.59,1.520985093526e+12
512473,0.0253635179310486,1.03,1.520985117988e+12
512474,0.5542443840657931,2.24,1.520985136361e+12
512475,0.0283094346589198,1.03,1.520985166424e+12
512476,0.9729799237039359,36.97,1.520985184795e+12
512477,0.3893938670841497,1.64,1.520985276387e+12
512478,0.9045500519928872,10.47,1.520985301331e+12
512479,0.9122266331483206,11.38,1.520985362993e+12
512480,0.5221888088905692,2.09,1.520985426565e+12
512481,0.3069284966464453,1.44,1.520985455437e+12
512482,0.1343915700294058,1.16,1.520985478409e+12
512483,0.3599994525685906,1,1.520985498332e+12
512484,0.4595370454386661,1.85,1.520985516335e+12
512485,0.5571126401324553,2.26,1.520985543187e+12
512486,0.5094787367874475,2.04,1.5209855734e+12
512487,0.6983920307127743,3.31,1.520985601872e+12
512488,0.3583430190008001,1.56,1.520985639065e+12
512489,0.8453203115717788,6.46,1.520985663238e+12
512490,0.0255347923435119,1.03,1.52098571415e+12
512491,0.3305035106210279,1.49,1.520985732522e+12
512492,0.8149348313023653,5.4,1.520985756005e+12
512493,0.4782411589935052,1.92,1.520985803088e+12
512494,0.7596463872491500,4.16,1.520985830552e+12
512495,0.7864387880047874,4.68,1.520985872245e+12
512496,0.5621561549050166,2.28,1.520985916337e+12
512497,0.0842462519845567,1.09,1.520985946711e+12
512498,0.3994986057280327,1.66,1.520985965814e+12
512499,0.3789009089532543,1.61,1.520985990946e+12
512500,0.8030066475744841,1,1.520986015597e+12
512501,0.9672973810153309,30.55,1.520986033601e+12
512502,0.6563876461368957,2.91,1.520986120563e+12
512503,0.3654210186482922,1.58,1.520986155326e+12
512504,0.3274162188934666,1.49,1.520986179689e+12
512505,0.9506342385314955,20.24,1.520986203171e+12
512506,0.6530675226014732,2.88,1.520986280244e+12
512507,0.3316888081216460,1.5,1.52098631482e+12
512508,0.0041032549934702,1,1.520986338402e+12
512509,0.0067077022992791,1.01,1.520986356404e+12
512510,0.2765618493493092,1.38,1.520986374528e+12
512511,0.1859627422378312,1.23,1.520986396882e+12
512512,0.3939264936824159,1.65,1.520986417605e+12
512513,0.7894621372198365,4.75,1.520986442638e+12
512514,0.5168550991259645,2.07,1.520986487041e+12
512515,0.2695084324268411,1.37,1.520986515753e+12
512516,0.1884117466836264,1.23,1.520986537996e+12
512517,0.7910902439130214,4.78,1.520986558719e+12
512518,0.1298371486202435,1.15,1.520986603251e+12
512519,0.2199848732491927,1.28,1.520986623063e+12
512520,0.1705348275533269,1.21,1.520986644335e+12
512521,0.3085717340718424,1.45,1.520986664828e+12
512522,0.5961985717518717,1,1.520986687901e+12
512523,0.4315370541139359,1.76,1.520986705904e+12
512524,0.8365652164995123,1,1.520986731956e+12
512525,0.2403953667358484,1.32,1.520986749958e+12
512526,0.8470873008126131,6.53,1.520986771671e+12
512527,0.2294674199608777,1.3,1.520986822813e+12
512528,0.2817157870814475,1.39,1.520986844306e+12
512529,0.1179779081414402,1.13,1.520986866758e+12
512530,0.8083467816022102,5.21,1.52098688633e+12
512531,0.1644110992002327,1.2,1.520986932653e+12
512532,0.3779668829818180,1.61,1.520986953035e+12
512533,0.9639904312705598,27.74,1.520986977688e+12
512534,0.7209190730287042,3.58,1.520987062321e+12
512535,0.0820208639097449,1.09,1.520987101035e+12
512536,0.5762780461405124,2.36,1.520987120137e+12
512537,0.0851209152222427,1.09,1.52098715111e+12
512538,0.7139737984896577,3.49,1.520987170213e+12
512539,0.6636890255994371,2.97,1.520987208436e+12
512540,0.6709255517159881,3.04,1.520987243579e+12
512541,0.9609620738683646,25.59,1.520987279161e+12
512542,0.4302497984446235,1.75,1.520987361843e+12
512543,0.4790440628954777,1.92,1.520987387806e+12
512544,0.2790836455018922,1.39,1.52098741527e+12
512545,0.4579772214540228,1.84,1.52098743772e+12
512546,0.4837797220060089,1.94,1.520987464493e+12
512547,0.5686967141387743,2.32,1.520987492126e+12
512548,0.4500064243213289,1.82,1.520987522799e+12
512549,0.0876860262564584,1.1,1.520987549391e+12
512550,0.6136709765097291,2.59,1.520987568614e+12
512551,0.0568852611018543,1.06,1.520987601238e+12
512552,0.6412596555057122,2.79,1.52098761998e+12
512553,0.8143166501108363,5.38,1.520987653964e+12
512554,0.9146869552588759,11.71,1.520987700966e+12
512555,0.3171349757623708,1.46,1.520987765197e+12
512556,0.5544682879826214,2.24,1.52098778837e+12
512557,0.3537823530737735,1.55,1.520987818433e+12
512558,0.8648277106380154,7.39,1.520987842507e+12
512559,0.3202969944850303,1.47,1.52098789636e+12
512560,0.7404761581543079,3.85,1.520987919643e+12
512561,0.4470256414373930,1.81,1.520987959784e+12
512562,0.7353816278594039,1,1.520987986287e+12
512563,0.9357300940751401,15.54,1.52098800429e+12
512564,0.7766350351219613,4.47,1.520988075102e+12
512565,0.5419174245423445,2.18,1.520988118255e+12
512566,0.1473793827806086,1,1.520988147847e+12
512567,0.1219044742458278,1.14,1.52098816585e+12
512568,0.3584689719971432,1.56,1.520988185542e+12
512569,0.9788328900418322,1,1.520988209716e+12
512570,0.5292170849929604,2.12,1.520988227718e+12
512571,0.6232704069985241,2.65,1.520988256841e+12
512572,0.1078355259047438,1.12,1.520988289884e+12
512573,0.4005546596368204,1.67,1.520988309346e+12
512574,0.4692423039742845,1.88,1.520988334568e+12
512575,0.2161017023530094,1.28,1.52098836168e+12
512576,0.5084591732612950,2.03,1.520988382953e+12
512577,0.1182005754947198,1.13,1.520988411335e+12
512578,0.1115589340011494,1.13,1.520988430906e+12
512579,0.2098194456682122,1.27,1.520988450479e+12
512580,0.2234187473597514,1.29,1.520988471641e+12
512581,0.3523535403312076,1.54,1.520988493024e+12
512582,0.3076207934198018,1.44,1.520988516996e+12
512583,0.0474441866500872,1,1.520988539968e+12
512584,0.8259642929364844,5.74,1.52098855797e+12
512585,0.7477204475430121,3.96,1.520988606344e+12
512586,0.9196717829722147,12.44,1.520988647057e+12
512587,0.0043907202790470,1,1.52098871269e+12
512588,0.5815539102958408,2.39,1.520988730693e+12
512589,0.2716312311290837,1.37,1.520988761885e+12
512590,0.6302733441419606,2.7,1.520988784127e+12
512591,0.8933756579396724,9.37,1.520988817509e+12
512592,0.2823219563072366,1.39,1.520988876652e+12
512593,0.2076622660289663,1.26,1.520988899104e+12
512594,0.3881918926230147,1.63,1.520988920157e+12
512595,0.1926060778071652,1.24,1.520988944999e+12
512595,0.1926060778071652,1.24,1.520988944999e+12
512596,0.2695133775168828,1.37,1.520988965833e+12
512597,0.8132235228114816,5.35,1.520988988076e+12
512598,0.6053462712106635,2.53,1.520989034958e+12
512599,0.1163639407875864,1.13,1.520989067159e+12
512600,0.3125642210507216,1.45,1.520989086733e+12
512601,0.1419234315729522,1.17,1.520989109805e+12
512602,0.8508678634769441,6.7,1.520989129847e+12
512603,0.7951814711082683,4.88,1.520989181551e+12
512604,0.0418331923526323,1,1.520989226514e+12
512605,0.2351589017163866,1,1.520989244517e+12
512606,0.7014146802717388,3.35,1.520989262519e+12
512607,0.4945276355125307,1.98,1.520989299943e+12
512608,0.7195542174669808,3.56,1.520989327916e+12
512609,0.7146433516672448,3.5,1.520989366519e+12
512610,0.5279665322806608,2.12,1.520989404792e+12
512611,0.1728882475692984,1.21,1.520989433915e+12
512612,0.9845750275963393,64.77,1.520989454406e+12
512613,0.9695409170746666,32.8,1.520989559729e+12
512614,0.4827469602419872,1.93,1.520989648411e+12
512615,0.5793363085434158,2.38,1.520989675965e+12
512616,0.2439635713221421,1.32,1.520989707089e+12
512617,0.0690676816899953,1.07,1.520989728802e+12
512618,0.2909586411646937,1.41,1.520989747664e+12
512619,0.3053299359291163,1,1.520989770327e+12
512620,0.5013273841471708,2,1.52098978833e+12
512621,0.4941933461218591,1.98,1.520989816472e+12
512622,0.2297773096314113,1.3,1.520989844444e+12
512623,0.2835884120509933,1.4,1.520989865936e+12
512624,0.6842287275204968,3.16,1.520989888498e+12
512625,0.0582042827872104,1.06,1.52098992481e+12
512626,0.0095833120889923,1.01,1.520989943552e+12
512627,0.6111308710209864,2.57,1.520989961675e+12
512628,0.1682854595520267,1.2,1.520989994157e+12
512629,0.8678921460797759,7.56,1.520990014538e+12
512630,0.5774934593535712,2.37,1.52099006889e+12
512631,0.1849665421026215,1.23,1.520990099934e+12
512632,0.5043287748713813,2.02,1.520990120656e+12
512633,0.7279766725208556,3.67,1.520990148958e+12
512634,0.3172138308447818,1.46,1.520990188161e+12
512635,0.8685072485517029,7.6,1.520990211334e+12
512636,0.7105544395070883,3.45,1.520990265796e+12
512637,0.0273132331267263,1.03,1.520990303789e+12
512638,0.9577808491787363,1,1.520990322162e+12
512639,0.7140505951163477,3.49,1.520990340165e+12
512640,0.3586425949723093,1.56,1.520990378388e+12
512641,0.0483020513896602,1.05,1.520990402561e+12
512642,0.2070542339251969,1.26,1.520990421183e+12
512643,0.0764753222643573,1.08,1.520990442236e+12
512644,0.9514889058078381,20.59,1.520990461219e+12
512645,0.1858432777658671,1.23,1.520990538701e+12
512646,0.0360714534847232,1.04,1.520990559425e+12
512647,0.3306868836122301,1.49,1.520990577918e+12
512648,0.3481419515675264,1.53,1.520990601401e+12
512649,0.2431641447458333,1.32,1.520990625285e+12
512650,0.6005634666887494,2.5,1.520990646998e+12
512651,0.4646398218964785,1.87,1.52099067899e+12
512652,0.3998411384876447,1.67,1.520990706023e+12
512653,0.6599187454348241,2.94,1.520990731246e+12
512654,0.0840080767134223,1.09,1.520990766199e+12
512655,0.9387464432368863,16.31,1.520990785301e+12
512656,0.2814632734007815,1.39,1.520990857254e+12
512657,0.3500033745891423,1.54,1.520990879708e+12
512658,0.5695761208351647,2.32,1.520990903681e+12
512659,0.1087489002637446,1.12,1.520990934354e+12
512660,0.8206370239659765,5.57,1.520990953817e+12
512661,0.1174815846880622,1.13,1.52099100155e+12
512662,0.8347499484277214,6.05,1.520991021124e+12
512663,0.5914844429566256,2.45,1.520991070627e+12
512664,0.0410748063682287,1,1.52099110226e+12
512665,0.9829188801774135,58.49,1.520991120263e+12
512666,0.2780328670698294,1.38,1.520991223085e+12
512667,0.6096854202006211,2.56,1.520991245438e+12
512668,0.4112372196771291,1,1.52099127785e+12
512669,0.2110165060057809,1.27,1.520991295854e+12
512670,0.7294993644416098,3.69,1.520991317017e+12
512671,0.0175742153119236,1.02,1.52099135633e+12
512672,0.7110391309743372,3.46,1.520991374582e+12
512673,0.1335852772774141,1.15,1.520991412636e+12
512674,0.3013949546267732,1,1.520991432449e+12
512675,0.2661558068977125,1.36,1.52099145045e+12
512676,0.7523604463209307,1,1.520991472593e+12
512677,0.1294780241161301,1.15,1.520991490595e+12
512678,0.8946870902773661,9.49,1.520991510407e+12
512679,0.5088807711165587,2.04,1.52099156984e+12
512680,0.5644072442232648,2.29,1.520991598314e+12
512681,0.8287124114177917,5.83,1.520991628756e+12
512682,0.4030249482959101,1.67,1.520991677458e+12
512683,0.4457990132378878,1.8,1.52099170268e+12
512684,0.2813977923433758,1.39,1.520991729093e+12
512685,0.7824453589931237,4.59,1.520991751545e+12
512686,0.2935327855622240,1.42,1.520991795237e+12
512687,0.9185266420055476,12.26,1.520991818001e+12
512688,0.6726547439286147,3.05,1.520991883294e+12
512689,0.4835142089248435,1.94,1.520991918937e+12
512690,0.9614003610241694,25.88,1.520991946571e+12
512691,0.5800185356242625,2.38,1.520992029523e+12
512692,0.2146252485026199,1.27,1.520992060646e+12
512693,0.2517143972804105,1.34,1.520992081809e+12
512694,0.5000468633370584,2,1.520992103733e+12
512695,0.4156142399682696,1.71,1.520992131875e+12
512696,0.3288300864698435,1.49,1.520992157469e+12
512697,0.8984233981227556,9.84,1.52099218095e+12
512698,0.9980876061595250,522.38,1.520992241203e+12
512699,0.3904327010713594,1.64,1.520992398386e+12
512700,0.2219984506308098,1.29,1.520992423329e+12
512701,0.4370555110362022,1.78,1.520992444713e+12
512702,0.2001450115815143,1.25,1.520992470945e+12
512703,0.5016567282149713,2.01,1.520992491888e+12
512704,0.2354605722323667,1,1.52099252011e+12
512705,0.3256249088620825,1.48,1.520992538113e+12
512706,0.9936652025193128,157.7,1.520992561496e+12
512707,0.2869181270447835,1.4,1.520992688849e+12
512708,0.4986933920296592,1.99,1.520992711412e+12
512709,0.1175356467993780,1.13,1.520992739464e+12
512710,0.1463293612809687,1,1.520992759036e+12
512711,0.8004801133183017,5.01,1.520992777038e+12
512712,0.2502182392054745,1.33,1.520992822551e+12
512713,0.1269324478057522,1.15,1.520992844374e+12
512714,0.1445192427245246,1.17,1.520992864187e+12
512715,0.7379334174883397,3.81,1.520992884229e+12
512716,0.0695497868744540,1.07,1.520992924172e+12
512717,0.0693781406314527,1.07,1.520992943035e+12
512718,0.6737849716268911,3.06,1.520992961898e+12
512719,0.3682272579446965,1.58,1.520992997602e+12
512720,0.8636040170359436,7.33,1.520993021964e+12
512721,0.9540413566758021,21.74,1.520993075637e+12
512722,0.2433921190079749,1.32,1.520993154409e+12
512723,0.5625353687355614,2.28,1.520993176122e+12
512724,0.9070742733094549,10.75,1.520993206494e+12
512725,0.4319386315606392,1.76,1.520993268767e+12
512726,0.6497637367923194,2.85,1.52099329482e+12
512727,0.9695230740982863,32.78,1.520993329193e+12
512728,0.0627843735420109,1.07,1.520993417865e+12
512729,0.7388411785333513,3.83,1.520993436729e+12
512730,0.0543306544549602,1.06,1.520993476772e+12
512731,0.2788020885267325,1.39,1.520993495515e+12
512732,0.1761207825448645,1.21,1.520993517968e+12
512733,0.6432978139825394,2.8,1.520993538461e+12
512734,0.2782410188294577,1.39,1.520993572514e+12
512735,0.0104537126632532,1.01,1.520993594966e+12
512736,0.0939944475176731,1.1,1.520993613087e+12
512737,0.9589214899947218,24.32,1.520993632309e+12
512738,0.2803577383235933,1.39,1.520993713772e+12
512739,0.5951312267210175,2.47,1.520993736226e+12
512740,0.7824398655869159,4.59,1.520993767999e+12
512741,0.0937321554156328,1.1,1.520993811692e+12
512742,0.7215114707875793,3.59,1.520993830915e+12
512743,0.2857838485589679,1.4,1.520993869688e+12
512744,0.0143795877262902,1.01,1.520993892252e+12
512745,0.8356210006949543,6.08,1.520993910375e+12
512746,0.0630225879286934,1.07,1.520993959977e+12
512747,0.2125547326199139,1.27,1.520993978841e+12
512748,0.9803528434085552,50.85,1.520994000004e+12
512749,0.6872125190420105,3.19,1.520994099387e+12
512750,0.8498878120095209,6.66,1.52099413588e+12
512751,0.2514333576549388,1.34,1.520994187452e+12
512752,0.5849004778044533,2.41,1.520994209375e+12
512753,0.0608941707901876,1.06,1.520994240716e+12
512754,0.7012902749006846,3.35,1.520994259459e+12
512755,0.1482507116506462,1,1.520994296881e+12
512756,0.2085864765589560,1.26,1.520994314884e+12
512757,0.9293684575076607,14.14,1.520994335937e+12
512758,0.9120184215512169,11.36,1.520994404539e+12
512759,0.0398760030604610,1,1.520994468072e+12
512760,0.8534786521581655,6.82,1.520994486075e+12
512761,0.6245437228643672,2.66,1.520994538167e+12
512762,0.2278296771058416,1.29,1.52099457128e+12
512763,0.6376008118124681,2.76,1.520994592663e+12
512764,0.0664794594204238,1.07,1.520994626446e+12
512765,0.9278035666625489,13.84,1.52099464531e+12
512766,0.7961624508714682,4.9,1.520994713413e+12
512767,0.0517448501316236,1.05,1.520994758456e+12
512768,0.9606583372132523,25.39,1.52099477708e+12
512769,0.3104081750638802,1.45,1.520994859572e+12
512770,0.0517981657878957,1.05,1.520994882644e+12
512771,0.0326746194699487,1.03,1.520994901267e+12
512772,0.8826407873729806,8.51,1.520994919638e+12
512773,0.4575586555194013,1.84,1.52099497662e+12
512774,0.5210050324725465,1,1.520995003393e+12
512775,0.1429286140815654,1.17,1.520995021397e+12
512776,0.7897273539075924,4.75,1.520995041439e+12
512777,0.3417549397195119,1.52,1.520995085841e+12
512778,0.9947828664432243,191.49,1.520995109625e+12
512779,0.1702797527355793,1.21,1.520995241798e+12
512780,0.0009063286708915,1,1.520995262291e+12
512781,0.1313876295768161,1.15,1.520995280294e+12
512782,0.2782733459673527,1.39,1.520995300107e+12
512783,0.7509207592231503,4.01,1.52099532256e+12
512784,0.3656481139747538,1.58,1.520995363523e+12
512785,0.7630214439153257,4.22,1.520995387885e+12
512786,0.5096209264615643,2.04,1.520995429866e+12
512787,0.0473130587598572,1,1.520995458337e+12
512788,0.5346577585522686,2.15,1.52099547634e+12
512789,0.3331185014297064,1.5,1.520995505703e+12
512790,0.2362570122900086,1,1.520995529286e+12
512791,0.7480090087624289,3.97,1.520995547288e+12
512792,0.2134474937835353,1.27,1.520995588051e+12
512793,0.5821675985544379,2.39,1.520995609213e+12
512794,0.8687253589436238,7.61,1.520995640406e+12
512795,0.5484362869869073,1,1.520995694898e+12
512796,0.5861884361566483,2.42,1.5209957129e+12
512797,0.5312801912732609,2.13,1.520995744313e+12
512798,0.4942536546136843,1.98,1.520995773516e+12
512799,0.5165118101324215,2.07,1.520995801488e+12
512800,0.6330169503653927,2.72,1.5209958302e+12
512801,0.5627514085645674,2.29,1.520995863711e+12
512802,0.1937321702003787,1.24,1.520995894154e+12
512803,0.2715129967014103,1.37,1.520995914987e+12
512804,0.5005830569426957,2,1.520995937229e+12
512805,0.5665382662710124,2.31,1.520995965374e+12
512806,0.0375634816097011,1.04,1.520995995967e+12
512807,0.4328176617698786,1.76,1.520996014458e+12
512808,0.4986986530708845,1.99,1.520996040511e+12
512809,0.9652761649259545,28.77,1.520996068564e+12
512810,0.7069439947854131,3.41,1.520996154077e+12
512811,0.6297318394365096,2.7,1.520996191849e+12
512812,0.2822034999919598,1.39,1.520996225232e+12
512813,0.6527485085308432,2.88,1.520996247684e+12
512814,0.3066173417741939,1.44,1.520996282257e+12
512815,0.7288786903323788,3.69,1.52099630523e+12
512816,0.4844420471890927,1.94,1.520996344544e+12
512817,0.5978849024041288,2.49,1.520996372177e+12
512818,0.6420666071684256,2.79,1.520996404099e+12
512819,0.8938244804492743,9.41,1.520996438082e+12
512820,0.5846499988307827,2.41,1.520996497325e+12
512821,0.6784185228586243,3.11,1.520996528667e+12
512822,0.7964800041626394,4.91,1.520996564679e+12
512823,0.6443681583377460,2.81,1.520996609769e+12
512824,0.6373160694812695,2.76,1.520996643881e+12
512825,0.3487589797817075,1.53,1.520996677665e+12
512826,0.7825685929932092,4.6,1.520996701548e+12
512827,0.8153997791966888,5.41,1.52099674529e+12
512828,0.1821187127339934,1.22,1.520996792414e+12
512829,0.9981392605691541,536.88,1.520996813027e+12
512830,0.0027544405317759,1,1.520996970889e+12
512831,0.8896659444760685,9.06,1.520996988893e+12
512832,0.8303875303432318,5.89,1.520997047276e+12
512833,0.1030058881973396,1.11,1.520997096199e+12
512834,0.5527210187988173,2.23,1.52099711554e+12
512835,0.0058442032909589,1.01,1.520997145522e+12
512836,0.6754016421445185,3.08,1.520997163645e+12
512837,0.3243194509587063,1.48,1.520997199468e+12
512838,0.4378546174703759,1.78,1.52099722285e+12
512839,0.6592791785158402,2.93,1.520997249083e+12
512840,0.5156553654269446,2.06,1.520997283974e+12
512841,0.9872051014069483,78.08,1.520997312606e+12
512842,0.9685115213432609,1,1.52099742254e+12
512843,0.1352395534364599,1.16,1.520997440544e+12
512844,0.6232397399431188,2.65,1.520997460466e+12
512845,0.8990708214461502,9.9,1.520997493509e+12
512846,0.7019313773377639,3.35,1.520997553901e+12
512847,0.0815121003150735,1.09,1.520997591325e+12
512848,0.8817599245537445,8.45,1.520997610429e+12
512849,0.5034577097984632,2.01,1.52099766725e+12
512850,0.8423064131853885,6.34,1.520997695473e+12
512851,0.6070083488260881,2.54,1.520997745975e+12
512852,0.6189531855329298,2.62,1.520997778247e+12
512853,0.8127781194198825,1,1.520997811081e+12
512854,0.8332521954628761,5.99,1.520997829084e+12
512855,0.0823016169206942,1.09,1.520997878367e+12
512856,0.6750646374828798,3.08,1.520997897469e+12
512857,0.7221741398615237,3.6,1.520997933291e+12
512858,0.5909416567513117,2.44,1.520997972114e+12
512859,0.1399153031268891,1.16,1.520998003677e+12
512860,0.0719026578757685,1.08,1.5209980236e+12
512861,0.0746215474965567,1.08,1.520998042582e+12
512862,0.5620236738030855,2.28,1.520998061565e+12
512863,0.3679547292105748,1.58,1.520998091937e+12
512864,0.9429599274748377,17.52,1.5209981163e+12
512865,0.0825104408623908,1.09,1.520998189941e+12
512866,0.3626936428162021,1,1.520998209044e+12
512867,0.3527604668291195,1.54,1.520998227047e+12
512868,0.1854173487949691,1.23,1.52099825102e+12
512869,0.4632514234313861,1.86,1.520998271743e+12
512870,0.8699284409801309,7.68,1.520998298686e+12
512871,0.3411441665005744,1.52,1.520998353389e+12
512872,0.4076507776993445,1.69,1.520998377171e+12
512873,0.4656806749910304,1.87,1.520998402584e+12
512874,0.9797915881452597,49.44,1.520998429617e+12
512875,0.2628076803551073,1.36,1.520998528308e+12
512876,0.7045250080303582,1,1.520998550453e+12
512877,0.1998798004816938,1.25,1.520998568455e+12
512878,0.1496691999839780,1,1.520998589397e+12
512879,0.6078566365427935,2.55,1.520998607398e+12
512880,0.5596602725702480,2.27,1.520998639741e+12
512881,0.5399766297871192,2.17,1.520998670032e+12
512882,0.3258100404231367,1.48,1.520998699544e+12
512883,0.2416579570252583,1.32,1.520998722927e+12
512884,0.4413007962147942,1.79,1.520998744639e+12
512885,0.9756782937272634,41.08,1.520998770962e+12
512886,0.9692087399235947,32.45,1.520998865124e+12
512887,0.5257172702173044,2.11,1.520998953547e+12
512888,0.1742104040864414,1.21,1.520998982591e+12
512889,0.2355463330716701,1,1.520999003083e+12
512890,0.6973696732188974,3.3,1.520999021086e+12
512891,0.8158944767936819,5.43,1.520999058229e+12
512892,0.2869876498093334,1.4,1.520999105422e+12
512893,0.4296749502955179,1.75,1.520999127983e+12
512894,0.9646747482392646,28.28,1.520999153945e+12
512895,0.5506650629804155,2.22,1.520999239037e+12
512896,0.0913274768021255,1.1,1.520999268941e+12
512897,0.7571037483301721,4.11,1.520999288164e+12
512898,0.3569653894186405,1.55,1.520999329615e+12
512899,0.6082196928579873,2.55,1.520999353688e+12
512900,0.4728400836402644,1.9,1.520999386031e+12
512901,0.7582013469092086,4.13,1.520999413324e+12
512902,0.6815306829944092,3.14,1.520999454876e+12
512903,0.9925325566419709,133.78,1.52099949107e+12
512904,0.8859930380447751,8.76,1.520999614332e+12
512905,0.5841567007787892,2.4,1.520999671967e+12
512906,0.7086186848368073,3.43,1.520999703229e+12
512907,0.4143569712560524,1.71,1.520999741115e+12
512908,0.5708487754619794,2.33,1.520999766708e+12
512909,0.3785736226426842,1.61,1.520999797451e+12
512910,0.5510132952013559,2.23,1.520999822104e+12
512911,0.2833399391461490,1.39,1.520999852086e+12
512912,0.8421370877982436,6.33,1.520999874538e+12
512913,0.3448389296757148,1.53,1.52099992501e+12
512914,0.1103013281501600,1.12,1.520999948894e+12
512915,0.1011356287871338,1.11,1.520999968357e+12
512916,0.7355773767306417,1,1.520999987699e+12
512917,0.6383913854692111,2.76,1.521000005702e+12
512918,0.8254123201652924,1,1.521000039485e+12
512919,0.0904918699735990,1.1,1.521000057487e+12
512920,0.7704860986607349,4.35,1.521000076709e+12
512921,0.9122218540665279,11.38,1.521000119311e+12
512922,0.6219167161318282,2.64,1.521000182883e+12
512923,0.6993738908086378,3.32,1.521000215855e+12
512924,0.2049497538723400,1.26,1.521000253107e+12
512925,0.6741266017020975,3.07,1.52100027416e+12
512926,0.3277523886244167,1.49,1.521000309923e+12
512927,0.2699036931781805,1.37,1.521000333407e+12
512928,0.1577547092823672,1.19,1.521000355649e+12
512929,0.8576022085867827,7.02,1.521000375921e+12
512930,0.3354020566529133,1.5,1.521000428645e+12
512931,0.2554249391554447,1.34,1.521000452228e+12
512932,0.5054597466963948,2.02,1.521000474151e+12
512933,0.1218755070869522,1.14,1.521000502454e+12
512934,0.4336614605117732,1.76,1.521000522147e+12
512935,0.1286413530187312,1.15,1.5210005482e+12
512936,0.4920186960352628,1.97,1.521000568012e+12
512937,0.4054225076468248,1.68,1.521000595895e+12
512938,0.9383305085213693,16.2,1.521000621218e+12
512939,0.5771176683663198,2.36,1.521000693011e+12
512940,0.2506888143836262,1.33,1.521000723983e+12
512941,0.0665893249834397,1.07,1.521000745805e+12
512942,0.3083973201709793,1.45,1.521000764668e+12
512943,0.9550955779745932,22.25,1.52100078774e+12
512944,0.2681374266436644,1.37,1.521000867072e+12
512945,0.4932400773962122,1.97,1.521000889315e+12
512946,0.1706894196501676,1.21,1.521000917196e+12
512947,0.6968081515973453,3.3,1.521000937689e+12
512948,0.2645376402103662,1.36,1.521000974833e+12
512949,0.9954596289888629,220.03,1.521000996974e+12
512950,0.6375978944445024,2.76,1.521001132607e+12
512951,0.6151465446723501,2.6,1.52100116639e+12
512952,0.1936374595839618,1.24,1.521001199083e+12
512953,0.2352821070783031,1,1.521001219915e+12
512954,0.2343472738830250,1,1.521001237916e+12
512955,0.9856397809892985,69.57,1.521001255919e+12
512956,0.6553098460788164,2.9,1.521001363011e+12
512957,0.9698060559969875,33.09,1.521001397703e+12
512958,0.2501170323812675,1.33,1.521001486607e+12
512959,0.2838454461386067,1.4,1.521001508431e+12
512960,0.3114455266183814,1.45,1.521001530995e+12
512961,0.1980986269652142,1.25,1.521001554068e+12
512962,0.2446277198019968,1.32,1.521001575011e+12
512963,0.2096847023837466,1.27,1.521001596723e+12
512964,0.5541202979055513,2.24,1.521001617886e+12
512965,0.2310305256934442,1,1.52100164795e+12
512966,0.5809112404428681,2.38,1.521001665951e+12
512967,0.4276631501102036,1.75,1.521001697074e+12
512968,0.9753786476737304,40.58,1.521001723036e+12
512969,0.5799169574351788,2.38,1.521001816899e+12
512970,0.1309751633393986,1.15,1.521001848022e+12
512971,0.0765917410786714,1.08,1.521001867835e+12
512972,0.1138130876034995,1.13,1.521001886818e+12
512973,0.5720254384381755,2.34,1.521001906391e+12
512974,0.5286335578487800,2.12,1.521001937214e+12
512975,0.0867445359674153,1.09,1.521001966336e+12
512976,0.7645860239315282,4.24,1.521001985439e+12
512977,0.3686946785004565,1.58,1.521002027521e+12
512978,0.2289520029977318,1.3,1.521002051882e+12
512979,0.8787207388968022,8.24,1.521002073375e+12
512980,0.9940050938152724,166.64,1.521002129636e+12
512981,0.4840214363029277,1.94,1.521002258358e+12
512982,0.3713563101765132,1.59,1.521002285992e+12
512983,0.4206868597354477,1.73,1.521002310455e+12
512984,0.8631135192381016,7.3,1.521002336237e+12
512985,0.9531275397057476,21.31,1.521002389819e+12
512986,0.6639639829900031,2.97,1.521002468123e+12
512987,0.3328009916778656,1.5,1.521002503265e+12
512988,0.6290563185766936,2.69,1.521002526848e+12
512989,0.3742273690584645,1.6,1.52100256016e+12
512990,0.7465712425174593,3.94,1.521002584724e+12
512991,0.2881991442498283,1.4,1.521002625326e+12
512992,0.2344671981955103,1,1.521002647889e+12
512993,0.3584273502599511,1.56,1.521002665891e+12
512994,0.4182479398833234,1.72,1.521002690064e+12
512995,0.9568487375408524,23.15,1.521002715756e+12
512996,0.6331991808566263,2.72,1.52100279604e+12
512997,0.4303544625710590,1.75,1.521002829553e+12
512998,0.9469814486678181,18.84,1.521002855516e+12
512999,0.3914402656702884,1.64,1.521002930879e+12
513000,0.4287449823293707,1.75,1.521002955824e+12
513001,0.0221729103993096,1.02,1.521002981788e+12
513002,0.0851737472892678,1.09,1.52100300004e+12
513003,0.7090904679403386,3.44,1.521003019142e+12
513004,0.5697385262627478,2.32,1.521003057084e+12
513005,0.6778177301580595,3.1,1.521003087757e+12
513006,0.5060638088048586,2.02,1.521003123699e+12
513007,0.9213823079879824,12.71,1.521003152001e+12
513008,0.0723053689748760,1.08,1.521003218124e+12
513009,0.4198499383451068,1.72,1.521003237107e+12
513010,0.2097035260427984,1.27,1.5210032628e+12
513011,0.5755978824048298,2.35,1.521003283962e+12
513012,0.8508581777221660,6.7,1.521003314855e+12
513013,0.8294428234988459,1,1.521003366557e+12
513014,0.1182314984310026,1.13,1.521003384562e+12
513015,0.4769113754101357,1.91,1.521003404136e+12
513016,0.1945915387930794,1.24,1.521003431507e+12
513017,0.9867318049042328,75.29,1.52100345234e+12
513018,0.6652195601875942,2.99,1.521003561373e+12
513019,0.6520481253164001,2.87,1.521003596635e+12
513020,0.1349791013949968,1.16,1.521003631139e+12
513021,0.3514279735627184,1.54,1.521003651062e+12
513022,0.3045401112885541,1,1.521003675035e+12
513023,0.5338249135608378,2.14,1.521003693037e+12
513024,0.3555243605178605,1.55,1.52100372232e+12
513025,0.3061639632345559,1.44,1.521003746392e+12
513026,0.5918344749584409,2.45,1.521003769366e+12
513027,0.2728494683450203,1.37,1.521003800999e+12
513028,0.4288399739723746,1.75,1.521003823242e+12
513029,0.0223977286420757,1.02,1.521003849205e+12
513030,0.2893905468027552,1.41,1.521003867457e+12
513031,0.7085093135732481,3.43,1.52100389012e+12
513032,0.6976283024292507,3.3,1.521003928003e+12
513033,0.3219069056962500,1.47,1.521003965145e+12
513034,0.1079795842776027,1.12,1.52100398843e+12
513035,0.1444790752475335,1.17,1.521004007892e+12
513036,0.4047873628802568,1.68,1.521004027935e+12
513037,0.1183692575707960,1.13,1.521004053256e+12
513038,0.0403649299499497,1,1.52100407283e+12
513039,0.8928849177651306,9.33,1.521004090831e+12
513040,0.9391341789018209,16.41,1.521004149884e+12
513041,0.9187865038213290,12.3,1.521004221987e+12
513042,0.1501356172724943,1,1.521004287351e+12
513043,0.0103415136715261,1.01,1.521004305354e+12
513044,0.5611571731421067,2.28,1.521004323478e+12
513045,0.2068258708358802,1.26,1.52100435385e+12
513046,0.1603604734782969,1.19,1.521004374903e+12
513047,0.6218351006093051,2.64,1.521004395176e+12
513048,0.5969350062303559,1,1.521004428148e+12
513049,0.3200969782937544,1.47,1.52100444615e+12
513050,0.7065827952946031,3.41,1.521004469432e+12
513051,0.9420830404716738,17.25,1.521004507205e+12
513052,0.7420490278727497,3.87,1.521004580478e+12
513053,0.7631961174223564,4.22,1.521004620731e+12
513054,0.9786052810909704,46.69,1.521004662714e+12
513055,0.4099374607694189,1,1.521004760007e+12
513056,0.8241932431292239,5.68,1.521004778011e+12
513057,0.3706430206938282,1.59,1.521004826164e+12
513058,0.2010171032047405,1.25,1.521004850626e+12
513059,0.8587316954179508,7.07,1.521004871569e+12
513060,0.0033307452693886,1,1.521004924442e+12
513061,0.3917304196841387,1.64,1.521004942445e+12
513062,0.3723395905393035,1.59,1.521004967388e+12
513063,0.6753952197440424,3.08,1.52100499185e+12
513064,0.7071732633531033,3.41,1.521005027672e+12
513065,0.9762598972246657,42.08,1.521005065445e+12
513066,0.5341680074423012,2.15,1.521005160197e+12
513067,0.8352386783424854,6.06,1.521005189561e+12
513068,0.3783050089558365,1.61,1.521005239093e+12
513069,0.1163835714376493,1.13,1.521005263746e+12
513070,0.4151075557840773,1.71,1.521005283319e+12
513071,0.1459767651152743,1,1.521005308911e+12
513072,0.5234618029844625,2.1,1.521005326914e+12
513073,0.7059074290343346,3.4,1.521005355875e+12
513074,0.2361413441216902,1,1.521005393588e+12
513075,0.6148598088451829,2.59,1.52100541159e+12
513076,0.4364191678903110,1.77,1.521005444213e+12
513077,0.9953501587722802,214.85,1.521005470356e+12
513078,0.6818476767935435,3.14,1.521005605388e+12
513079,0.5409386748310502,2.18,1.521005641581e+12
513080,0.6321142531540511,2.72,1.521005671173e+12
513081,0.6805004881882343,1,1.521005704686e+12
513082,0.4557226927615057,1.84,1.521005722689e+12
513083,0.1800686903717156,1.22,1.521005749462e+12
513084,0.9012869961795629,10.12,1.521005770074e+12
513085,0.3430898316072044,1.52,1.521005830968e+12
513086,0.2750786527234778,1.38,1.521005854751e+12
513087,0.2621606244384685,1.35,1.521005877103e+12
513088,0.2677465496276846,1.37,1.521005899137e+12
513089,0.7460604726211308,3.94,1.521005921379e+12
513090,0.4360692853657692,1.77,1.52100596198e+12
513091,0.1310018690142319,1.15,1.521005988123e+12
513092,0.4542014516084924,1.83,1.521006007935e+12
513093,0.4015248095154587,1.67,1.521006034617e+12
513094,0.7921685224380738,4.81,1.521006059839e+12
513095,0.6954506676866327,3.28,1.521006104501e+12
513096,0.3925195565429794,1.65,1.521006141525e+12
513097,0.4834909910530529,1.94,1.521006166559e+12
513098,0.0199157367506800,1.02,1.521006194194e+12
513099,0.8502188203507612,6.67,1.521006212447e+12
513100,0.4367602033160534,1.77,1.52100626405e+12
513101,0.6483285407648255,2.84,1.521006290192e+12
513102,0.6840133405486153,3.16,1.521006324504e+12
513103,0.4207001699648565,1.73,1.521006360818e+12
513104,0.8752721408091654,8.01,1.5210063866e+12
513105,0.4645598585402034,1.87,1.521006442234e+12
513106,0.3551356306660771,1.55,1.521006469267e+12
513107,0.2579187136743959,1.35,1.52100649334e+12
513108,0.7350117700954462,1,1.521006515372e+12
513109,0.0946670612540718,1.1,1.521006533374e+12
513110,0.8009578946048762,5.02,1.521006552597e+12
513111,0.3856766532141894,1.63,1.521006598151e+12
513112,0.1840320323091075,1.23,1.521006622993e+12
513113,0.4056833697030515,1.68,1.521006643716e+12
513114,0.0276646600169280,1.03,1.521006669041e+12
513115,0.8379849621183204,6.17,1.521006687414e+12
513116,0.2791795784791885,1.39,1.521006737337e+12
513117,0.2673179770976584,1.36,1.52100675979e+12
513118,0.8372330627956506,6.14,1.521006781931e+12
513119,0.3897540148789422,1.64,1.521006831744e+12
513120,0.1666409855630813,1.2,1.521006856686e+12
513121,0.7294369714170316,3.69,1.52100687707e+12
513122,0.4733085381969132,1.9,1.521006916382e+12
513123,0.8601595391193776,7.14,1.521006943675e+12
513124,0.7700079909455981,4.34,1.521006996769e+12
513125,0.2383748584516288,1.31,1.521007039321e+12
513126,0.3544758149316711,1.55,1.521007060923e+12
513127,0.9578135940148061,23.68,1.521007084995e+12
513128,0.6470360412837556,2.83,1.521007165819e+12
513129,0.8909822571768854,9.16,1.521007200063e+12
513130,0.8128258350335121,1,1.521007258695e+12
513131,0.2368625107307133,1.31,1.521007276698e+12
513132,0.5123829211835714,2.05,1.5210072983e+12
513133,0.0468442135133884,1,1.521007326852e+12
513134,0.5440900361966552,2.19,1.521007344856e+12
513135,0.0403539477941473,1,1.521007374528e+12
513136,0.4514733023130042,1,1.521007392531e+12
513137,0.1159771450599602,1.13,1.521007410534e+12
513138,0.5762154580038542,2.36,1.521007430107e+12
513139,0.2888741892038086,1.41,1.52100746108e+12
513140,0.6289957972776602,2.69,1.521007483742e+12
513141,0.9034049052054539,10.34,1.521007517055e+12
513142,0.0394897048919205,1,1.521007578436e+12
513143,0.7776028611179447,4.49,1.52100759644e+12
513144,0.7000435704132645,3.33,1.521007639683e+12
513145,0.4989673454544898,1.99,1.521007676996e+12
513146,0.2804949181807448,1.39,1.521007705047e+12
513147,0.4696501322252792,1.88,1.5210077275e+12
513148,0.0516907586836467,1.05,1.521007754613e+12
513149,0.8471927160507051,6.54,1.521007773235e+12
513150,0.5533560271266282,2.24,1.521007824418e+12
513151,0.5764433102627385,2.36,1.52100785448e+12
513152,0.8401683901530151,6.25,1.521007885454e+12
513153,0.9790823932222750,47.76,1.521007935656e+12
513154,0.8017167720947688,5.04,1.5210080335e+12
513155,0.0425023385422543,1,1.521008079133e+12
513156,0.2447541014395547,1.32,1.521008097136e+12
513157,0.0276019179792148,1.03,1.521008118849e+12
513158,0.2142276897128270,1.27,1.521008137221e+12
513159,0.2715495012867147,1.37,1.521008158385e+12
513160,0.4855745412608549,1.94,1.521008180628e+12
513161,0.7446719696150795,3.91,1.521008208263e+12
513162,0.6855640815770176,3.18,1.521008248716e+12
513163,0.0118789372527699,1.01,1.521008285149e+12
513164,0.2399573231208970,1.32,1.52100830327e+12
513165,0.3163809283441820,1.46,1.521008324983e+12
513166,0.8129258555855895,5.34,1.521008348156e+12
513167,0.4517729614050532,1,1.521008394998e+12
513168,0.0824643047718481,1.09,1.521008413001e+12
513169,0.5133548335901823,2.05,1.521008432103e+12
513170,0.9102126396983425,11.13,1.521008460656e+12
513171,0.6399388691969073,2.78,1.521008523719e+12
513172,0.9646933684043338,28.3,1.521008557633e+12
513173,0.3839121033400092,1.62,1.521008642745e+12
513174,0.3235435747363473,1.48,1.521008667498e+12
513175,0.9557490125195474,22.58,1.521008690882e+12
513176,0.0292873971698078,1.03,1.521008770565e+12
513177,0.6772006879740398,3.1,1.521008788937e+12
513178,0.0877032210323269,1.1,1.521008824879e+12
513179,0.1130670986867200,1.13,1.521008844102e+12
513180,0.9464313322553485,18.65,1.521008863675e+12
513181,0.1193146023711456,1.14,1.521008938797e+12
513182,0.7848045411018665,4.64,1.52100895849e+12
513183,0.2669368319369240,1.36,1.521009002414e+12
513184,0.3908313737229517,1.64,1.521009024558e+12
513185,0.0390684106478161,1,1.521009049501e+12
513186,0.0787522325009928,1.09,1.521009067502e+12
513187,0.2740204269704457,1.38,1.521009086605e+12
513188,0.4266198604429652,1.74,1.521009108957e+12
513189,0.9369204602988719,15.84,1.52100913483e+12
513190,0.1075392603193268,1.12,1.521009206093e+12
513191,0.4521477949926974,1,1.521009225557e+12
513192,0.4141180234528422,1.71,1.521009243559e+12
513193,0.0553148663731559,1.06,1.521009269152e+12
513194,0.3352763420751496,1.5,1.521009287895e+12
513195,0.9482947781095967,19.32,1.521009311477e+12
513196,0.6705707085017514,3.03,1.521009387439e+12
513197,0.8911911272190493,9.18,1.521009422953e+12
513198,0.6822215650887744,3.14,1.521009481636e+12
513199,0.0771804615103594,1.08,1.521009517829e+12
513200,0.9992840795058244,1395.41,1.521009536812e+12
513201,0.9709451808526519,34.38,1.521009718524e+12
513202,0.5590136911624610,2.27,1.521009808346e+12
513203,0.7311865425974099,3.72,1.52100983864e+12
513204,0.1848638907971009,1.23,1.521009878114e+12
513205,0.6848576131008731,3.17,1.521009898837e+12
513206,0.9924186260887465,131.77,1.521009935209e+12
513207,0.0476844145561765,1.05,1.521010058102e+12
513208,0.6165125585665259,1,1.521010076724e+12
513209,0.8697341144712954,7.67,1.521010094728e+12
513210,0.3169229743808795,1.46,1.5210101494e+12
513211,0.5224596568202738,2.09,1.521010172573e+12
513212,0.8326054955442914,5.97,1.521010201445e+12
513213,0.4546428223733424,1.83,1.521010250657e+12
513214,0.1879564782576535,1.23,1.521010277339e+12
513215,0.8954830064660597,9.56,1.521010298062e+12
513216,0.8071829857787077,5.18,1.521010357664e+12
513217,0.7564201349756727,4.1,1.521010403867e+12
513218,0.0444814199685309,1,1.521010445272e+12
513219,0.8658190949041906,7.45,1.521010463276e+12
513220,0.1740231819390373,1.21,1.521010517298e+12
513221,0.5959615461984564,1,1.521010537791e+12
513222,0.8643388121538653,7.36,1.521010555794e+12
513223,0.9444784358945858,17.99,1.521010609556e+12
513224,0.0342417587605868,1.04,1.521010683829e+12
513225,0.8370306135241479,6.13,1.521010702321e+12
513226,0.2689455769185316,1.37,1.521010752104e+12
513227,0.5507023470827151,2.22,1.521010774347e+12
513228,0.5677193323075118,2.31,1.521010804248e+12
513229,0.0450544019800272,1,1.521010834841e+12
513230,0.1036276964246360,1.12,1.521010852843e+12
513231,0.1387544509812152,1.16,1.521010872306e+12
513232,0.3585921901647449,1.56,1.521010892229e+12
513233,0.6857201614616718,3.18,1.521010916401e+12
513234,0.3159242349946695,1.46,1.521010952834e+12
513235,0.6056155545184425,2.53,1.521010976006e+12
513236,0.8815522661622502,8.44,1.521011008209e+12
513237,0.1889224795598823,1.23,1.521011065003e+12
513238,0.0547025879041065,1.06,1.521011085725e+12
513239,0.7342280730917652,3.76,1.521011104467e+12
513240,0.9048602233884996,10.5,1.521011144149e+12
513241,0.1904448566936061,1.24,1.521011205882e+12
513242,0.8829622617650223,8.54,1.521011226715e+12
513243,0.3908936435801195,1.64,1.521011283777e+12
513244,0.7319098717374518,3.73,1.521011308719e+12
513245,0.9269907693208643,13.68,1.521011348242e+12
513246,0.6342232668852024,1,1.521011416074e+12
513247,0.7124063045979492,3.47,1.521011434076e+12
513248,0.5539113186658153,2.24,1.521011472178e+12
513249,0.9419358756723666,17.21,1.521011502241e+12
513250,0.9343404909442973,1,1.521011575463e+12
513251,0.9836384581829513,61.06,1.521011593466e+12
513252,0.9028972410370822,10.29,1.521011697339e+12
513253,0.7582875540848559,4.13,1.521011758612e+12
513254,0.5984083273444344,2.49,1.521011800165e+12
513255,0.3312575561765715,1.49,1.521011832088e+12
513256,0.6267230824163936,2.68,1.521011855571e+12
513257,0.3409859019659893,1.52,1.521011888814e+12
513258,0.6983650277132087,3.31,1.521011912596e+12
513259,0.1161059080893420,1.13,1.521011949789e+12
513260,0.2832892947558521,1.39,1.521011969362e+12
513261,0.5613275532520673,2.28,1.521011991815e+12
513262,0.9054891867343079,10.57,1.521012022186e+12
513263,0.6236528965233948,2.66,1.521012084069e+12
513264,0.7312368298254993,3.72,1.521012117182e+12
513265,0.0092829009539641,1.01,1.521012156655e+12
513266,0.3292123245376192,1.49,1.521012174777e+12
513267,0.6041006582333014,2.52,1.521012198259e+12
513268,0.5122428186033486,2.05,1.521012230391e+12
513269,0.3758257553856414,1.6,1.521012258946e+12
513270,0.4642846697159774,1.87,1.521012283509e+12
513271,0.5595214840861786,2.27,1.521012310542e+12
513272,0.6847896293468749,3.17,1.521012340835e+12
513273,0.0597057407860890,1.06,1.521012377207e+12
513274,0.6393786598088635,2.77,1.521012395948e+12
513275,0.7563941331478753,4.1,1.521012429801e+12
513276,0.9691367356500441,32.37,1.521012471204e+12
513277,0.6328772149590955,2.72,1.521012559566e+12
513278,0.0723247265145939,1.08,1.521012593077e+12
513279,0.5313710848641049,2.13,1.52101261206e+12
513280,0.1959482469120874,1.24,1.521012641263e+12
513281,0.7331495526556739,3.74,1.521012662096e+12
513282,0.8800954490155204,8.33,1.521012701668e+12
513283,0.8163186546453085,5.44,1.52101275817e+12
513284,0.3937010174602505,1.65,1.521012805404e+12
513285,0.4300780593021954,1.75,1.521012830437e+12
513286,0.5704687071429726,2.33,1.521012856398e+12
513287,0.2930228634022695,1.41,1.52101288714e+12
513288,0.8301959109562905,5.88,1.521012909803e+12
513289,0.8189048133368848,5.52,1.521012958697e+12
513290,0.1769352474196197,1.21,1.521013006241e+12
513291,0.1831549678889930,1.22,1.521013026733e+12
513292,0.5309168131861176,2.13,1.521013047344e+12
513293,0.3106911518403075,1.45,1.521013076546e+12
513294,0.9476951998536698,19.1,1.521013099619e+12
513295,0.5010649088074138,2,1.521013175312e+12
513296,0.1866747397432743,1.23,1.521013203456e+12
513297,0.3440722882151773,1.52,1.521013224179e+12
513298,0.8058336558299685,5.15,1.521013247962e+12
513299,0.1228572181712038,1.14,1.521013294044e+12
513300,0.7354363262968688,1,1.521013313736e+12
513301,0.7994028704239527,4.98,1.521013331739e+12
513302,0.7103948366619636,3.45,1.521013377121e+12
513303,0.0464944888480228,1,1.521013415114e+12
513304,0.0342689878387072,1.04,1.521013433116e+12
513305,0.4713106198402379,1.89,1.521013451608e+12
513306,0.9799986083479595,49.95,1.521013478811e+12
513307,0.1112962730953694,1.13,1.521013577755e+12
513308,0.6598401590389760,2.94,1.521013597328e+12
513309,0.6164216551967947,1,1.521013632281e+12
513310,0.2554882884154768,1.34,1.521013650283e+12
513311,0.2433394082457152,1.32,1.521013672206e+12
513312,0.9168587301198532,12.02,1.521013693918e+12
513313,0.2489196027742977,1.33,1.521013758751e+12
513314,0.4370711877562737,1.78,1.521013780574e+12
513315,0.5220465300423203,2.09,1.521013806808e+12
513316,0.4444337525508445,1.8,1.521013835681e+12
513317,0.8641757983398102,7.36,1.521013862094e+12
513318,0.0247432186791541,1.03,1.521013915857e+12
513319,0.5435432480982373,2.19,1.52101393423e+12
513320,0.6501210270566218,2.86,1.521013963903e+12
513321,0.2069175041296793,1.26,1.521013998346e+12
513322,0.0144071737337874,1.01,1.521014019399e+12
513323,0.1898570161289203,1.23,1.521014037521e+12
513324,0.1270447173451643,1.15,1.521014058243e+12
513325,0.8939684275290856,9.42,1.521014078057e+12
513326,0.7287952037828033,3.68,1.52101413732e+12
513327,0.3469716807238227,1.53,1.521014176573e+12
513328,0.7265251776498103,3.65,1.521014200457e+12
513329,0.4007841044573077,1.67,1.52101423955e+12
513330,0.7563026607400511,4.1,1.521014264773e+12
513331,0.2950779398193299,1.42,1.521014306176e+12
513332,0.1043028626833816,1.12,1.521014328939e+12
513333,0.9439721028190041,17.83,1.521014348402e+12
513334,0.5265545566860946,2.11,1.521014422464e+12
513335,0.4165457516015847,1.71,1.521014451507e+12
513336,0.8858419859050406,8.75,1.5210144771e+12
513337,0.7716555543643553,4.38,1.521014534703e+12
513338,0.1627763968805727,1.19,1.521014577446e+12
513339,0.0055329422479339,1.01,1.521014597718e+12
513340,0.7914793719052058,4.79,1.521014615842e+12
513341,0.2390744153501174,1.31,1.521014660415e+12
513342,0.3147752024966234,1.46,1.521014682017e+12
513343,0.8926017335365998,9.3,1.52101470519e+12
513344,0.0895142674188861,1.1,1.521014764162e+12
513345,0.8239764838535284,5.68,1.521014783384e+12
513346,0.3987666818776091,1.66,1.521014831536e+12
513347,0.4608600648261746,1.85,1.521014856668e+12
513348,0.5948785135044958,2.47,1.521014883521e+12
513349,0.9676275360322621,30.86,1.521014915294e+12
513350,0.6495576537329605,2.85,1.521015002495e+12
513351,0.5127181269956562,2.05,1.52101503687e+12
513352,0.5815655455415989,2.39,1.521015065423e+12
513353,0.0964938546755570,1.11,1.521015096617e+12
513354,0.8552213920874571,6.9,1.521015115959e+12
513355,0.9410453375757313,16.95,1.521015168301e+12
513356,0.5361167861931297,2.15,1.521015241163e+12
513357,0.1582112880792029,1.19,1.521015270525e+12
513358,0.7524221687932551,1,1.521015290798e+12
513359,0.0454128049419757,1,1.521015308801e+12
513360,0.2837771804267022,1.4,1.521015326803e+12
513361,0.2619249064619478,1.35,1.521015349367e+12
513362,0.0092740254498259,1.01,1.5210153714e+12
513363,0.9423966188780957,17.34,1.521015389523e+12
513364,0.9710656292669162,34.53,1.521015462926e+12
513365,0.9614472088779898,25.91,1.52101555286e+12
513366,0.9182327813278496,12.22,1.521015635843e+12
513367,0.1976338427508329,1.25,1.521015701057e+12
513368,0.5693193111962916,2.32,1.521015722001e+12
513369,0.7411351573516464,3.86,1.521015752673e+12
513370,0.7661832239865752,4.27,1.521015792875e+12
513371,0.1781573389140325,1.22,1.521015835097e+12
513372,0.3348565796238502,1.5,1.52101585571e+12
513373,0.9985614260655273,694.44,1.521015879291e+12
513374,0.7386582907612106,3.82,1.521016043573e+12
513375,0.1881904555922818,1.23,1.521016083567e+12
513376,0.0137443318995052,1.01,1.521016104289e+12
513377,0.3300736342393965,1.49,1.521016122412e+12
513378,0.0140527121289756,1.01,1.521016145895e+12
513379,0.1827323704917758,1.22,1.521016164016e+12
513380,0.5462194265672516,2.2,1.521016184629e+12
513381,0.5440285113975473,2.19,1.521016214382e+12
513382,0.9108184687585613,11.2,1.521016244055e+12
513383,0.6581624035393266,2.92,1.521016307269e+12
513384,0.5506174088340758,2.22,1.521016342092e+12
513385,0.1717732041542822,1.21,1.521016371995e+12
513386,0.7997273993212095,4.99,1.521016392489e+12
513387,0.1421484803180556,1.17,1.521016437911e+12
513388,0.7591473485248041,4.15,1.521016457955e+12
513389,0.1455263460859485,1,1.521016499597e+12
513390,0.4369422088928852,1.78,1.521016517599e+12
513391,0.4648189447971105,1.87,1.521016543831e+12
513392,0.2686881723973642,1.37,1.521016570863e+12
513393,0.0849513316259140,1.09,1.521016593105e+12
513394,0.8481902232971485,6.58,1.521016612208e+12
513395,0.6445737438380191,2.81,1.521016663521e+12
513396,0.0322993581724119,1.03,1.521016697634e+12
513397,0.8930771760393583,9.34,1.521016716007e+12
513398,0.0161476573013113,1.02,1.521016775078e+12
513399,0.7813374341422081,4.57,1.521016793331e+12
513400,0.0542894862718623,1.06,1.521016836935e+12
513401,0.0453853909963242,1,1.521016855676e+12
513402,0.8140454380340050,5.37,1.521016873679e+12
513403,0.2239117795191500,1.29,1.521016920642e+12
513404,0.5896264492975609,2.44,1.521016942024e+12
513405,0.5012018791169864,2,1.521016973586e+12
513406,0.4839980633659284,1.94,1.52101700173e+12
513407,0.8755096003589012,8.03,1.521017029362e+12
513408,0.2792265474049436,1.39,1.521017085044e+12
513409,0.0098809404321669,1.01,1.521017107497e+12
513410,0.2446909016567960,1.32,1.52101712562e+12
513411,0.7979448697990612,1,1.521017147333e+12
513412,0.6686322294801084,3.02,1.521017165335e+12
513413,0.4286042336441120,1.75,1.521017200788e+12
513414,0.9327582716785274,14.86,1.521017226752e+12
513415,0.1974167544854378,1.25,1.521017296525e+12
513416,0.1246497610408463,1.14,1.521017317467e+12
513417,0.6195995557633227,2.63,1.521017337161e+12
513418,0.7453866847197964,3.92,1.521017370065e+12
513419,0.8054698882171581,5.14,1.521017410566e+12
513420,0.6892795114985854,3.22,1.521017456608e+12
513421,0.4519289879714906,1,1.521017493281e+12
513422,0.9040390613731087,10.41,1.521017511284e+12
513423,0.6291161555864653,2.69,1.521017572817e+12
513424,0.6031927190728469,2.52,1.521017606132e+12
513425,0.7755824680848937,4.45,1.521017638266e+12
513426,0.7991444372570012,4.97,1.521017681329e+12
513427,0.6324830904212975,2.72,1.521017726671e+12
513428,0.5623716410627523,2.28,1.521017760183e+12
513429,0.8870721938756928,1,1.521017790555e+12
513430,0.7808912971012507,4.56,1.521017808557e+12
513431,0.5832382274286914,2.4,1.521017852121e+12
513432,0.8076713257021437,5.2,1.521017883384e+12
513433,0.1146707465207835,1.13,1.521017929667e+12
513434,0.1733952833277629,1.21,1.52101794924e+12
513435,0.0774889649072404,1.08,1.521017969733e+12
513436,0.9200656767748452,12.5,1.521017988717e+12
513437,0.3425443908997216,1.52,1.52101805446e+12
513438,0.5247103663917422,2.1,1.521018078243e+12
513439,0.4556504503022066,1.84,1.521018107205e+12
513440,0.0149594484863243,1.02,1.521018133978e+12
513441,0.1180187510601289,1.13,1.52101815223e+12
513442,0.9482898192825472,19.32,1.521018171802e+12
513443,0.3320622240035008,1.5,1.521018247765e+12
513444,0.1559853512225639,1.18,1.521018271349e+12
513445,0.1396323482365423,1.16,1.521018291502e+12
513446,0.5163855195316452,2.07,1.521018311425e+12
513447,0.0237158280852520,1.02,1.521018340138e+12
513448,0.2323557481245035,1,1.521018358392e+12
513449,0.5526485118439068,2.23,1.521018376394e+12
513450,0.3995738966389498,1.66,1.521018406376e+12
513451,0.8348678359377357,6.05,1.521018431508e+12
513452,0.9007502060618137,10.07,1.52101848101e+12
513453,0.7970336544786193,4.92,1.521018541793e+12
513454,0.7465193142989929,3.94,1.521018586926e+12
513455,0.4689592997238411,1.88,1.521018627529e+12
513456,0.5176931115607016,2.07,1.521018654642e+12
513457,0.5931061172376169,2.46,1.521018683354e+12
513458,0.9094986505595732,11.04,1.521018715056e+12
513459,0.1465378613552400,1,1.52101877794e+12
513460,0.3221675507543068,1.47,1.521018795943e+12
513461,0.1757153647895240,1.21,1.521018819225e+12
513462,0.7777799267270092,4.5,1.521018839717e+12
513463,0.3508658493754608,1.54,1.521018883009e+12
513464,0.5019763527675478,2.01,1.521018906981e+12
513465,0.1187343688492510,1.13,1.521018935204e+12
513466,0.9369980338814199,15.86,1.521018954777e+12
513467,0.4533324768890935,1,1.521019026069e+12
513468,0.9516484537049310,20.66,1.521019044072e+12
513469,0.7793278539970815,4.53,1.521019121636e+12
513470,0.1379911848665195,1.16,1.521019165057e+12
513471,0.7083748364142085,3.43,1.521019184981e+12
513472,0.5038138144891275,2.01,1.521019222864e+12
513473,0.9124104941525522,11.41,1.521019251087e+12
513474,0.6542045044838928,2.89,1.521019314719e+12
513475,0.1382626225562446,1.16,1.521019349352e+12
513476,0.9259384800507544,13.49,1.521019369274e+12
513477,0.7595780318974468,4.16,1.521019436787e+12
513478,0.0459819387285928,1,1.52101947848e+12
513479,0.7993146872146323,4.98,1.521019496482e+12
513480,0.2354300546542346,1,1.521019541864e+12
513481,0.6582063880418908,2.92,1.521019559867e+12
513482,0.5617607805323234,2.28,1.52101959469e+12
513483,0.9498569192248063,19.92,1.521019625062e+12
513484,0.9582800611290803,23.95,1.521019701754e+12
513485,0.7780462188595082,4.5,1.521019782847e+12
513486,0.5944793765885942,2.46,1.521019826141e+12
513487,0.6266472636784073,2.68,1.521019857844e+12
513488,0.3677203523385619,1.58,1.521019891087e+12
513489,0.3014437349749365,1,1.521019915449e+12
513490,0.0732058219316429,1.08,1.521019933452e+12
513491,0.2135858440803331,1.27,1.521019952436e+12
513492,0.4561794021763325,1.84,1.5210199736e+12
513493,0.4824389322852807,1.93,1.521020000372e+12
513494,0.0732192474122204,1.08,1.521020027925e+12
513495,0.5980969794555793,2.49,1.521020046908e+12
513496,0.6393530984966441,2.77,1.52102007883e+12
513497,0.4084768065736809,1.69,1.521020112682e+12
513498,0.9873501579247764,78.97,1.521020138093e+12
513499,0.7664740553047681,4.28,1.521020248307e+12
513500,0.0047044805262015,1,1.52102029058e+12
513501,0.7858191690840337,4.67,1.521020308583e+12
513502,0.3961371007366425,1.66,1.521020352635e+12
513503,0.7986783482596926,4.96,1.521020377767e+12
513504,0.6232516785672055,2.65,1.52102042307e+12
513505,0.9445908428040778,18.03,1.521020456113e+12
513506,0.2232775881940680,1.29,1.521020530435e+12
513507,0.0535949398888263,1.06,1.521020551818e+12
513508,0.0984980839068298,1.11,1.521020570561e+12
513509,0.3013471142159186,1,1.521020589904e+12
513510,0.9341811369951305,15.18,1.521020607908e+12
513511,0.9158749738512272,11.88,1.52102067817e+12
513512,0.6706814807072937,3.03,1.521020742733e+12
513513,0.5267493653871932,2.11,1.521020778246e+12
513514,0.0314911513196982,1.03,1.521020807287e+12
513515,0.3093210759827218,1.45,1.521020825661e+12
513516,0.7360892646797209,3.79,1.521020848734e+12
513517,0.9259232964659864,13.49,1.521020888565e+12
513518,0.3457476015542046,1.53,1.521020956078e+12
513519,0.6051105536998043,2.53,1.521020979962e+12
513520,0.7985518134195713,4.96,1.521021012166e+12
513521,0.1644849633249653,1.2,1.521021057468e+12
513522,0.2070023487803997,1.26,1.521021077851e+12
513523,0.9505782343797802,20.21,1.521021098904e+12
513524,0.7481305992110007,3.97,1.521021175938e+12
513525,0.8237148606739275,5.67,1.5210212167e+12
513526,0.5138644682042918,2.06,1.521021264813e+12
513527,0.8289075512040658,5.84,1.521021293445e+12
513528,0.6803099370282866,1,1.521021342187e+12
513529,0.1733822892823681,1.21,1.52102136019e+12
513530,0.6107790671779726,2.57,1.521021380683e+12
513531,0.0472509907668575,1,1.521021413169e+12
513532,0.8684752913817009,7.6,1.521021431171e+12
513533,0.5241410966320292,2.1,1.521021485632e+12
513534,0.9863796310933259,73.35,1.521021514594e+12
513535,0.3547027395932709,1.55,1.521021622987e+12
513536,0.7855589673355128,4.66,1.521021647061e+12
513537,0.4476004341728055,1.81,1.521021691074e+12
513538,0.7488197422932883,3.98,1.521021717576e+12
513539,0.6263384699417135,2.67,1.521021758388e+12
513540,0.5316976193645265,2.13,1.521021791561e+12
513541,0.5053917580529562,2.02,1.521021820763e+12
513542,0.0272902606584342,1.03,1.521021849067e+12
513543,0.1356016514207240,1.16,1.52102186744e+12
513544,0.1785008691201221,1.22,1.521021887364e+12
513545,0.8530231590506210,6.8,1.521021907977e+12
513546,0.7890025900651242,4.74,1.52102196e+12
513547,0.9400415448332302,16.66,1.521022004363e+12
513548,0.8916758289308465,9.22,1.521022076817e+12
513549,0.3570029843498494,1.55,1.521022135599e+12
513550,0.2029005466501463,1.25,1.521022159672e+12
513551,0.0795051092467050,1.09,1.521022180614e+12
513552,0.3874873906344845,1.63,1.521022199718e+12
513553,0.5416886847330464,2.18,1.521022224562e+12
513554,0.5744039340816447,1,1.521022254155e+12
513555,0.1958219835524964,1.24,1.521022272157e+12
513556,0.0070310267636159,1.01,1.52102229299e+12
513557,0.3463087553033393,1.53,1.521022311113e+12
513558,0.2040276660593291,1.26,1.521022334996e+12
513559,0.0686701131213154,1.07,1.521022356048e+12
513560,0.7843620024585076,4.63,1.521022374911e+12
513561,0.5735127028481831,1,1.521022418783e+12
513562,0.6713740175290438,3.04,1.521022436786e+12
513563,0.8782090928587618,8.2,1.521022472368e+12
513564,0.1695613549485713,1.2,1.521022528521e+12
513565,0.2674359984852923,1.36,1.521022548904e+12
513566,0.2440191440386742,1.32,1.521022571045e+12
513567,0.9506355244551402,20.24,1.521022592758e+12
513568,0.9316898316451557,14.63,1.52102267119e+12
513569,0.3138103027161701,1.46,1.521022740593e+12
513570,0.7540319768604897,4.06,1.521022763767e+12
513571,0.2974622781149722,1.42,1.521022804971e+12
513572,0.8637051181550384,7.33,1.521022827734e+12
513573,0.5734420124379557,1,1.521022881407e+12
513574,0.7910768172682907,4.78,1.521022899409e+12
513575,0.2269130494042563,1.29,1.521022943942e+12
513576,0.2164407885206028,1.28,1.521022965327e+12
513577,0.3698405133024418,1.59,1.5210229866e+12
513578,0.6343445458063727,1,1.521023011062e+12
513579,0.4199659145483668,1.72,1.521023029065e+12
513580,0.6159868581723391,1,1.521023054757e+12
513581,0.4521329566957739,1,1.521023072759e+12
513582,0.2055403616292263,1.26,1.521023090762e+12
513583,0.1632067584812658,1.19,1.521023111816e+12
513584,0.8765372589408742,8.09,1.521023132088e+12
513585,0.8599267636565321,7.13,1.52102318794e+12
513586,0.4390154637952837,1.78,1.521023241003e+12
513587,0.3232333986841222,1.48,1.521023267237e+12
513588,0.5972908312914175,2.48,1.52102329062e+12
513589,0.8538246519988927,6.84,1.521023322474e+12
513590,0.3143616135498419,1.46,1.521023374626e+12
513591,0.1472921227447903,1,1.521023397799e+12
513592,0.2131646406401798,1.27,1.521023415801e+12
513593,0.4447820688236463,1.8,1.521023436965e+12
513594,0.9451646767428994,18.22,1.521023463378e+12
513595,0.7684296806735057,4.32,1.521023537951e+12
513596,0.0183146235110039,1.02,1.521023580413e+12
513597,0.8290253923807819,5.84,1.521023598667e+12
513598,0.5235309413456197,2.1,1.52102364741e+12
513599,0.5044144211580079,2.02,1.521023676374e+12
513600,0.6512433475934071,1,1.521023704676e+12
513601,0.5242529158769764,2.1,1.521023722679e+12
513602,0.7675903182866961,1,1.521023751641e+12
513603,0.5491759729453307,1,1.521023769644e+12
513604,0.8367304494224327,1,1.521023787647e+12
513605,0.4642091562189649,1.87,1.52102380565e+12
513606,0.2550309843511858,1.34,1.521023832683e+12
513607,0.2601477380982013,1.35,1.521023854606e+12
513608,0.6512826878231213,1,1.521023876639e+12
513609,0.1141678856485914,1.13,1.521023894641e+12
513610,0.4091912224910201,1,1.521023914213e+12
513611,0.5593272216057701,2.27,1.521023932215e+12
513612,0.6082550181560812,2.55,1.521023962508e+12
513613,0.5816870810421386,2.39,1.521023994851e+12
513614,0.6345267548771876,1,1.521024026044e+12
513615,0.0880401223171596,1.1,1.521024044047e+12
